batch_pred,batch_y
10.134007,9.9804945
9.847553,10.768506
8.75925,11.002116
9.459948,9.975855
9.895893,10.308986
8.562685,10.175459
9.501585,10.308986
9.693285,10.819798
9.514816,10.308986
10.548689,10.859018
10.328995,10.532123
10.013662,10.532123
9.608944,10.463132
10.614973,10.021315
9.980605,10.126671
10.115915,9.903538
10.096145,10.221977
10.059938,10.59666
9.745724,10.021315
10.554947,10.915107
9.5903015,10.532123
9.676779,10.657283
9.90461,10.621157
10.180752,10.8685875
9.815016,10.818197
10.316667,10.043293
10.443983,10.275085
10.00668,10.068663
9.954425,9.811427
9.705303,10.59666
8.2051935,10.325515
10.3729515,11.225244
10.597815,10.463103
10.600449,10.463103
10.41621,11.082143
10.327522,11.225244
10.116848,10.714417
9.760376,10.463103
10.114141,10.463103
9.950089,10.463103
10.044155,10.463103
10.115687,10.463103
10.814765,10.463103
10.021111,11.082143
10.765511,11.082143
9.934345,10.463103
9.695901,9.999752
9.631529,10.341775
10.224722,11.279744
10.105121,10.221977
9.622963,9.952325
9.903648,9.923339
10.206991,10.71444
10.007843,9.711176
9.620753,11.359786
10.829744,10.220376
10.569549,10.477316
9.860828,9.975855
9.821323,9.975855
9.883994,9.680407
10.291302,10.491302
10.293219,10.043293
10.311749,10.221977
9.874075,11.112463
9.532319,9.680407
10.050417,10.041117
9.457144,9.975855
10.2541,10.532123
10.314106,10.59666
10.081549,9.711176
10.021376,10.463132
9.488988,9.852247
9.562358,10.097779
10.156553,10.280999
9.625863,10.357775
10.095001,9.7981825
10.011274,10.280999
10.0343,9.852247
10.7768755,11.279744
9.914128,10.021315
9.92252,10.308986
10.237894,9.555701
9.821701,9.82558
9.518368,9.680407
9.2355,10.505095
10.171814,9.952325
10.795653,10.915107
10.303932,10.1849375
9.852397,10.819798
9.826892,10.609082
10.090308,9.998843
8.942064,10.077483
9.535053,10.165891
9.942297,10.021315
10.111617,10.913506
10.64938,9.765661
9.891001,9.64866
10.1654415,9.528867
9.975054,10.5764065
9.120632,8.922392
10.065296,10.491302
10.284189,10.511921
10.35059,10.292179
9.921331,9.615872
10.026871,9.975855
10.070053,10.71444
10.362415,10.257694
9.739481,11.462064
10.142654,10.021315
9.303637,10.434145
9.125846,9.998843
10.27159,10.341775
10.310961,10.573187
9.686594,9.7981825
10.15921,10.434145
10.247999,10.242848
10.407765,9.82558
10.173479,10.126671
9.834608,10.0533285
9.856203,10.126671
7.8687024,11.238923
8.891172,10.308986
10.545244,10.363472
10.666456,10.257694
9.472735,10.043293
9.926548,9.711176
9.550163,9.7981825
10.108116,9.510519
9.930434,9.711176
10.210942,10.140337
10.098491,10.420166
10.344498,9.952325
10.291321,10.389026
10.239686,10.59666
10.37164,10.532123
9.585284,9.741028
10.260317,9.770013
10.2480755,10.747229
10.271996,10.71444
9.890914,9.82558
10.309732,10.71444
8.97313,10.064798
9.928721,10.165891
10.215773,10.71444
10.353425,10.71444
10.412929,10.532123
10.20082,9.852668
10.556129,9.7981825
10.663144,10.021315
9.390287,10.163965
10.220554,10.0533285
9.833751,10.275085
10.626224,10.448744
10.296949,9.433564
10.611131,10.915107
10.309583,10.59666
10.391812,9.82558
10.227921,9.734891
10.243307,10.819798
10.139232,10.2036295
9.999682,10.085851
9.971236,10.308986
10.135359,9.903538
10.2849865,10.021315
10.275444,10.59666
9.678917,10.651147
9.596132,10.819798
9.917728,10.165891
10.280011,9.839003
10.4152565,10.329572
10.4480095,10.0533285
10.571938,10.389026
10.495295,10.463132
10.069782,10.097779
10.855796,10.915107
9.924799,10.021315
9.100197,10.645449
9.9699545,10.097779
10.000656,9.66148
9.354378,9.680407
9.832465,9.975855
9.571858,10.71444
10.060509,10.463132
10.27478,9.903538
10.304254,10.165891
10.048941,9.952325
10.185507,10.064798
9.766893,10.657283
9.968527,10.532123
9.9839325,9.510519
9.376112,10.657283
10.811973,9.711176
10.651227,11.156265
9.881674,9.765661
10.0937395,10.165891
10.410484,9.998843
9.67506,10.389026
10.4853525,9.952325
10.4927225,10.532123
10.309025,9.510519
9.893864,9.755626
10.098928,10.308986
9.509066,9.952325
9.972271,10.59666
10.115145,10.097779
10.401062,10.463132
10.427614,10.221977
10.367809,10.559582
9.664194,10.152338
10.435754,10.07538
9.403784,9.82558
9.790637,9.952325
9.938432,10.308986
9.608092,9.686637
9.577108,10.021315
9.588075,9.952325
9.670215,9.82558
9.500529,10.021315
10.695366,10.992066
9.857777,10.434145
9.866167,10.373523
10.323299,10.239996
10.0246105,10.627431
10.199697,10.126671
9.722696,9.557541
9.710659,9.615872
10.02828,9.615872
9.909968,11.434975
10.085073,10.78934
10.746683,10.463103
9.907345,9.615872
10.487377,10.888838
10.053623,9.433564
9.662023,9.770013
9.767626,9.770013
10.489399,10.72549
9.424906,9.878221
10.203431,10.72549
10.544595,10.968216
10.659401,10.532123
10.452389,10.819798
10.850479,10.558439
10.678171,11.042938
9.982475,10.819798
10.199519,11.258046
10.297451,11.289794
9.744448,10.112451
10.272585,10.915107
9.930301,11.002116
9.760813,10.237779
9.870851,10.819798
10.547545,11.082158
10.45131,10.532123
9.753164,10.532363
9.808825,9.903538
9.902199,10.532123
9.697982,10.126671
10.436477,10.59666
9.21368,10.153195
10.271406,9.9804945
9.738954,9.952325
10.861215,10.203592
9.98719,10.809748
10.900454,10.518701
9.886263,10.657283
10.237172,10.538767
9.764086,10.558439
9.899891,10.778977
10.537637,9.958023
10.328267,9.928229
9.172764,10.153195
9.344521,10.265349
10.545256,10.7987795
10.132838,10.691968
10.791952,10.571342
10.364169,9.852247
10.033872,10.045031
10.037987,10.855937
10.375256,10.389026
10.213652,11.407576
10.025641,10.389026
10.528398,10.239996
10.532459,9.770013
10.974615,10.463132
10.541567,10.927394
10.885563,9.952325
9.757941,10.657283
10.375137,9.852247
10.306195,10.768506
10.117912,9.7981825
10.015644,10.657283
8.909351,9.952325
9.339477,10.532123
9.845167,10.389026
10.54594,10.332702
9.817735,10.165891
10.232703,10.532123
9.824023,10.193991
10.492989,10.7987795
9.989545,9.711176
10.135313,10.389026
10.130671,9.741028
10.629557,10.907807
10.345328,10.275085
9.368713,10.249946
9.979904,10.085851
10.546006,10.819798
9.980012,10.809748
10.002993,10.357775
9.998432,10.308986
10.557365,10.448744
10.534988,10.162808
10.336235,10.628158
9.892044,10.532123
10.489625,10.357775
9.667313,10.1849375
9.477114,10.59666
10.315977,9.862718
9.946582,11.056603
10.052683,10.463132
10.305553,10.532123
9.8726425,10.448744
10.180077,10.657283
10.37648,10.268166
9.972193,10.768506
10.581501,10.422311
9.619417,10.239996
10.103636,9.472781
9.468002,10.064798
10.3496685,10.1849375
9.775159,10.341775
9.899625,10.609082
9.321839,10.450481
9.460339,10.165891
10.153437,9.903538
10.444405,10.628158
10.989526,10.234265
10.288179,10.064798
10.540411,10.332702
9.900621,10.657283
9.655774,10.021315
9.783653,10.357775
10.199184,11.407576
9.901927,9.911506
10.462382,10.221977
10.852731,10.308986
10.04846,10.064798
10.124957,10.357775
10.748779,10.043293
10.286976,10.645449
9.43129,9.975855
10.276899,10.389026
9.610662,10.419331
9.959688,10.532123
10.135298,10.126671
9.880365,10.915107
10.39705,10.297251
10.1904545,10.341775
9.989325,10.657283
9.9763775,10.874286
10.414466,10.221977
10.322146,10.165891
10.330714,10.463132
10.246616,10.491302
10.61378,10.71444
10.11313,10.357775
10.220811,10.491302
10.209563,9.911506
10.386562,9.757363
9.841298,9.903538
10.1096735,11.042938
10.1441345,10.657283
10.181532,10.657283
9.987988,10.505095
9.896912,10.085851
9.856832,10.389026
9.544009,10.959558
10.342369,10.275085
10.177658,10.221977
8.87952,9.964159
10.391986,10.275085
9.517185,11.082158
9.598679,10.045031
10.064589,10.021315
10.044958,10.389026
9.1672535,10.404293
9.837568,10.275085
10.008133,11.156265
10.160052,10.332702
10.507345,10.389026
10.031012,10.126671
10.225011,10.002473
9.966134,10.633472
10.281451,10.2036295
10.126711,10.05608
10.244116,10.463132
10.5038185,10.239996
10.638892,10.2036295
9.218119,11.002116
10.651899,10.463132
9.815727,10.532123
9.756685,10.532123
10.554046,9.536113
10.82062,10.021315
10.047937,10.234265
10.113871,10.657283
11.355223,10.308986
10.374086,10.71444
10.336168,10.1849375
10.101912,9.9804945
9.736794,10.463132
10.057557,10.818197
10.13045,10.68627
10.149506,10.239996
10.010209,9.741028
9.720919,10.085851
9.843054,9.903538
10.223021,10.308986
9.563179,10.126671
10.3428,10.221977
9.565487,10.1849375
10.428452,9.975855
10.301024,9.862718
10.20513,10.059679
10.596666,10.181157
10.155201,10.165891
10.201003,10.221977
10.39327,10.463132
10.607759,10.275085
9.91402,10.106469
10.185429,10.673619
10.382408,10.819798
9.79221,9.865318
9.443639,9.865318
9.766903,10.176601
9.913851,10.389026
9.799486,10.558439
9.622202,10.308986
9.436336,9.865318
10.567954,10.633472
10.659148,10.308986
10.02715,10.463132
9.985821,11.115443
10.680424,11.324196
10.323381,9.852247
10.298234,9.975855
9.961252,9.755626
10.228393,9.581973
10.051033,10.043293
10.634251,9.472781
10.357,10.221977
10.03141,10.221977
9.939825,10.165891
10.345044,9.64866
9.910618,10.1849375
9.64073,10.463132
10.229094,10.239996
10.157737,10.1849375
10.1706085,10.106469
10.525921,9.903538
10.172039,10.532123
10.095518,10.199175
9.693058,10.532123
10.028828,9.711176
10.113531,10.257694
10.068102,10.819798
9.584203,10.341775
9.755064,10.532123
10.3048525,10.275085
10.165281,10.221977
10.351221,10.768506
10.372112,10.819798
10.089479,10.389026
10.378363,10.221977
10.021079,10.389026
9.960898,10.106469
9.573349,10.434145
10.263838,10.448744
10.3846655,9.380168
9.678404,10.221977
10.171289,10.680539
10.288746,10.146473
10.093276,10.221977
9.647288,10.2036295
10.256656,10.404293
9.738451,10.106469
10.355515,10.021315
10.450863,10.389026
9.817041,10.221977
10.402838,10.268166
11.181725,10.59666
10.680914,10.819798
10.264458,10.419331
10.4286175,10.59666
9.858202,10.021315
9.425517,10.59666
9.827733,11.002116
10.062883,10.463132
9.380189,10.2036295
10.181014,10.657283
9.733721,10.357775
10.319748,10.275085
9.776644,10.633472
10.197268,10.308986
10.41931,11.119898
10.608475,11.191356
9.703686,9.615872
9.886261,10.419331
9.272959,10.819798
9.729835,10.085851
10.704763,10.422579
10.873322,10.156229
10.381027,9.392745
10.837476,10.106469
10.590054,9.683776
10.690681,10.519889
10.906679,10.519889
10.362406,10.0299
10.80425,10.477316
10.6120205,10.491302
10.409058,10.257694
10.676781,9.896614
10.163509,10.126671
10.073107,9.787123
10.293672,10.308986
10.605841,10.71444
10.479549,9.903538
10.687241,10.404293
10.809618,10.518701
10.628471,10.657283
10.65346,10.453082
11.041594,10.255165
10.630777,10.126671
10.62644,10.809748
10.273045,10.538767
10.764676,9.911506
10.569128,10.308986
10.724045,10.06951
9.015173,9.878221
9.861723,10.07538
10.699394,10.381243
10.53553,10.463132
10.364582,10.768506
10.314735,9.852247
10.17628,10.308986
10.412281,9.896614
10.301962,10.071287
10.255711,10.507913
10.525559,10.423917
9.512556,10.4174185
10.570596,10.878066
10.214531,9.903538
10.279455,11.512936
10.393361,10.221977
10.101631,10.389026
9.955429,9.903538
10.696211,10.292179
10.422555,10.2036295
10.770315,9.903538
9.628593,9.89096
10.257042,9.903538
10.512534,9.903538
9.772601,9.770013
10.741852,9.852247
10.069234,9.903538
10.121241,9.998843
10.285082,9.998843
10.041323,10.2036295
10.2022705,9.770013
9.693063,9.770013
9.966358,9.839003
10.110809,9.528867
10.047495,9.528867
9.892112,9.903538
10.4156,10.59666
10.147291,9.615872
10.167932,9.878221
10.431038,10.239996
10.371086,10.959558
10.2248335,11.407576
10.7875595,11.119898
10.544064,11.407576
11.102113,11.407576
11.07607,11.289794
10.6807995,11.191356
10.576457,11.407576
10.551834,10.419331
10.549642,11.472114
11.427651,10.915107
10.87393,11.002116
10.599638,10.8685875
10.505313,11.119898
10.593585,10.8685875
10.561706,11.608245
11.144493,10.555839
10.167044,11.379406
10.8949995,11.225257
11.09953,11.407576
10.478834,11.289794
10.1409645,9.729194
9.25621,10.819798
10.908659,10.645449
10.084963,10.819798
11.154456,11.320565
10.738518,10.768506
10.839493,11.156265
10.548124,11.320565
10.418625,10.703267
11.0417595,11.042938
10.408324,10.59666
10.041958,11.350418
10.76203,10.915107
10.355816,10.657283
10.884384,10.59666
10.603287,11.042938
9.422429,11.191356
10.695398,10.768506
10.575529,11.156265
11.135628,10.545368
10.647629,10.308986
10.696689,11.156265
10.476521,10.819798
10.204136,11.156265
10.040724,11.002116
9.542007,10.933125
10.303174,10.268166
9.666241,10.268166
10.01465,10.308986
9.665478,10.758775
10.013706,11.060385
10.173375,11.407576
9.901688,11.002116
9.778015,11.380548
9.4341135,11.184435
9.533867,9.862718
9.882411,10.085851
10.319719,10.532123
10.406591,11.041337
10.333621,10.673619
10.539152,10.532123
10.643613,10.71444
10.564048,10.768506
10.219045,10.165891
10.305164,10.257694
9.555164,9.433564
10.133662,10.021315
9.799732,10.221977
9.902764,10.532123
10.026321,10.532123
10.354767,10.308986
10.341539,10.71444
10.652853,10.59666
10.046952,10.477316
10.599295,10.768506
10.2144375,10.819798
9.7000265,10.1849375
9.885783,10.532123
9.852069,10.2036295
9.533926,10.043293
10.488641,10.248884
10.529891,10.59666
10.0570545,10.043293
9.922649,10.142544
10.789537,10.491302
10.592251,10.308986
10.466688,10.221977
9.56983,10.021315
10.454428,11.004114
11.014259,10.308986
10.256426,11.258046
9.782913,11.082158
10.110268,9.964159
10.180126,11.320565
10.269868,11.042922
10.346721,11.042922
9.657362,11.379395
10.522185,11.042922
10.416328,11.042922
10.858909,11.379395
10.093987,11.379395
10.10402,11.042922
10.062372,11.042922
10.36084,11.042922
10.520552,11.379395
10.230093,11.042922
9.835161,11.042922
10.111881,11.042922
10.47636,11.042922
10.584011,11.042922
10.796379,11.379395
9.937427,11.042922
10.354131,11.042922
10.402344,11.042922
11.071335,11.042922
10.166806,11.042922
10.751944,11.042922
10.447702,11.042922
10.737821,11.042922
9.666788,11.042922
9.655633,9.7981825
10.66324,10.389026
10.412792,11.002116
10.257711,10.085851
10.343113,10.389026
10.1972685,9.770013
11.10811,10.768506
11.188973,11.191356
10.35875,10.768506
10.637025,11.156265
10.585732,10.959558
10.652117,10.463132
10.317314,11.041337
10.589294,10.308986
10.008863,10.71444
10.487221,10.736419
9.82614,10.126671
10.72871,9.952325
10.564245,10.78934
10.642271,9.952325
10.074405,10.126671
10.101779,10.2036295
10.317089,10.357775
10.244108,10.491302
9.990522,10.819798
11.034086,9.975855
10.063875,10.59666
9.171448,10.2036295
9.865202,10.532123
9.929935,10.389026
9.951469,10.221977
10.053664,10.768506
10.039228,9.928229
9.667711,11.225257
9.667711,11.225257
9.667711,11.225257
9.64497,11.002116
9.410849,11.002116
9.410849,11.082158
10.796424,11.002116
10.889524,10.71444
10.539502,10.71444
10.231413,10.463132
10.423553,10.463132
10.574657,11.191356
10.238234,11.350418
10.235354,10.126671
10.124563,11.097425
10.217237,10.59666
10.806449,10.292179
10.659069,10.59666
10.87638,10.404293
10.589947,11.002116
10.727715,10.8685875
10.626318,9.615872
10.012478,9.878221
10.579898,10.768506
10.330696,9.615872
10.689037,10.463132
10.72369,10.389026
10.723021,10.768506
10.207516,10.59666
10.252335,11.472114
10.283499,10.257694
10.588317,10.950824
11.012728,11.097425
10.406377,10.532123
10.766039,11.191356
10.825773,11.790565
10.599731,9.975855
11.173812,11.191356
10.8581085,10.819798
10.076295,10.308986
10.657491,10.199175
10.469198,10.064798
10.541241,10.518701
11.318414,10.768506
10.48758,10.819798
10.891119,11.338584
10.743147,11.338584
10.733217,10.404293
10.655312,10.571342
10.606736,10.59666
10.640617,10.71444
11.161262,11.338584
10.783919,11.082158
10.3773,11.002116
10.869036,10.874286
10.793856,11.042938
10.612577,10.165891
9.593593,10.819798
10.082796,10.404293
10.6658535,11.042938
10.572725,10.819798
10.0781,10.71444
10.272609,10.126671
9.974647,9.903538
10.085635,10.126671
9.837702,10.126671
10.009347,11.512936
9.906944,10.165891
10.205215,10.308986
10.467769,10.768506
10.00075,10.8685875
10.16345,10.389026
10.018053,10.389026
10.13637,10.71444
10.142649,10.657283
10.431587,10.59666
10.330147,10.8685875
10.768616,10.59666
11.077805,11.002116
9.91842,10.819798
10.476797,10.645449
10.49,10.915107
10.419292,10.463132
10.634665,10.59666
10.253337,10.389026
10.3586235,10.021315
10.477055,10.404293
10.312638,10.819798
10.158851,10.357775
10.147677,10.538767
10.671681,11.082158
10.148701,11.042938
9.696953,10.126671
10.572061,10.915107
10.538598,11.002116
10.323162,10.59666
10.294516,10.463132
9.8182335,10.021315
9.951895,10.463132
10.29941,10.915107
10.359348,10.896758
10.467352,10.71444
10.274908,10.532123
10.581371,10.778977
10.450262,10.530521
10.003006,10.736419
10.600018,10.389026
10.261606,10.915107
10.362417,10.221977
9.828663,10.275085
9.885307,10.165891
10.576116,10.389026
10.29178,10.450481
10.118511,10.768506
9.700129,11.002116
10.951729,10.915107
10.446987,10.768506
9.958383,10.532123
10.473913,10.8685875
10.33815,11.082158
10.058032,9.903538
10.069369,9.903538
10.085711,10.819798
10.033564,10.463132
10.104067,10.221977
10.179541,9.952325
10.212801,10.106469
10.046875,10.448744
9.903352,10.463132
10.6368885,10.300954
10.758092,11.225257
10.624059,11.340012
10.388582,10.758775
10.554002,10.373523
10.536068,10.915107
10.286131,10.234265
10.23354,10.434145
10.307982,10.268166
10.586408,10.463132
10.019923,10.1849375
9.564129,11.14031
9.729784,11.104972
10.012646,10.463132
10.007397,10.959558
10.42571,10.393325
10.053349,10.156229
10.128994,10.71444
10.5291195,10.915107
11.00684,11.289794
10.269714,10.8685875
11.378447,10.464274
10.264549,9.998843
10.598513,10.819798
10.656214,11.082158
10.037202,10.463132
10.402554,10.609082
10.508408,10.59666
8.955404,10.389026
10.339658,10.450481
10.402092,10.221977
10.100047,10.239996
10.076009,10.532123
10.385666,10.463132
10.067253,10.71444
10.285496,10.959558
10.105129,10.915107
10.092833,10.59666
10.44834,10.915107
9.983337,10.657283
9.881205,10.357775
10.349808,10.463132
10.093279,9.82558
10.396099,10.532123
10.81922,10.959558
10.381497,10.758775
10.606729,11.184435
10.185555,9.998843
9.78532,10.915107
10.262721,10.532123
10.376128,10.787503
10.816266,10.59666
10.4696865,10.657283
11.042952,10.532123
10.389587,10.71444
10.414396,10.8685875
10.461073,10.505095
9.912064,9.975855
10.380287,10.961295
10.606994,10.47788
10.312926,11.082128
9.935458,10.389026
10.223848,10.463132
10.32048,10.463132
10.171699,10.257694
10.312052,10.404293
10.178459,10.71444
10.185373,11.042938
10.410451,10.819798
10.165781,10.146473
10.7416115,11.082158
10.669596,10.325515
9.420452,10.463132
10.1959095,10.8685875
10.176849,10.308986
9.709457,10.021315
9.9761715,10.043293
10.508741,10.59666
10.207796,11.082158
10.393885,10.59666
10.226387,10.221977
9.870632,10.915107
10.499524,10.71444
10.6133995,10.59666
9.908381,11.407576
9.657162,10.021315
10.020309,10.609082
10.63682,11.184435
9.841961,10.657283
10.306992,10.532123
10.190568,10.959558
9.620195,9.7981825
10.283152,10.691968
10.748775,10.651147
10.495538,10.12507
10.662537,10.450481
10.150294,10.419331
9.917864,11.002116
9.474373,10.71444
10.388559,10.558439
10.625011,10.532123
10.291621,10.532123
10.296255,10.239996
10.406818,10.126671
10.619049,10.555839
10.085927,10.71444
10.448357,10.896758
10.697039,10.251359
9.368942,9.433564
10.430523,10.571342
9.436946,9.546884
9.917584,10.657283
9.331167,9.839003
10.30039,10.2036295
10.657472,10.373523
10.076337,10.325515
10.393145,10.165891
10.185763,10.085851
9.932825,10.2036295
8.857349,10.657283
10.246649,10.532123
10.3746805,10.915107
10.348139,10.71444
9.675452,9.903538
9.362125,9.975855
10.4929695,10.221977
9.987448,10.8685875
10.351862,11.512936
9.714951,9.839003
9.51306,9.839003
9.630817,10.165891
10.237804,10.68627
10.177248,10.59666
10.773988,11.225257
10.378135,11.320565
10.5994835,10.8685875
9.475323,10.71444
10.76272,10.59666
11.322871,10.959558
10.044781,10.849357
10.523077,10.146473
10.464554,10.308986
10.859514,10.959558
10.770262,11.512936
10.96157,10.021315
10.106941,10.657283
10.5741625,10.703267
10.715576,10.819798
10.447136,10.657283
10.573408,10.085851
10.354103,11.002116
10.687898,10.819798
10.862246,11.082158
10.965155,10.71444
10.638712,10.532123
10.532817,10.71444
10.931935,11.002116
10.630621,10.146473
9.965827,10.463132
10.439424,10.389026
8.137835,9.998843
9.367542,10.2036295
10.95915,10.532123
10.576911,10.633472
10.312214,10.645449
10.238108,10.463132
10.707536,11.115443
10.403734,10.819798
10.4629,10.373523
10.719498,10.959558
9.931339,9.573316
9.838817,9.528867
10.177877,10.448744
9.783121,10.064798
9.848279,11.119898
9.659698,9.852247
9.281258,9.975855
10.166052,9.903538
9.720857,9.928229
9.928707,9.7981825
9.965168,10.8685875
9.593482,11.002116
9.79918,10.463132
10.5276165,10.657283
10.211275,10.165891
10.081406,10.532123
10.261868,10.308986
10.266233,10.156229
10.041704,10.389026
10.132357,10.389026
10.468631,10.389026
10.709789,9.852247
10.524841,9.878221
10.235476,10.463132
10.136619,10.275085
10.260906,11.289794
10.070023,10.8685875
10.433271,9.881804
10.341295,9.975855
10.138124,10.275085
10.061789,10.915107
10.284027,10.657283
9.399448,11.002116
10.970353,10.308986
10.250113,10.809748
10.651624,10.59666
9.474833,11.002116
10.372269,10.607896
9.965402,10.505095
9.901425,9.573316
9.821972,9.528867
10.756928,11.082158
9.851736,9.615872
9.427557,9.852247
10.2567005,10.221941
10.236168,10.455964
10.108543,10.59666
10.313416,10.657283
9.754632,10.308986
9.981279,10.239996
10.241375,11.042938
9.634656,9.998843
9.965439,9.82558
10.153484,10.389026
10.603266,10.308986
10.2404375,10.463132
9.475985,10.308986
9.620352,11.002116
10.156127,10.768506
10.118112,10.165891
10.225603,10.146473
10.683893,10.021315
10.400572,9.7981825
10.658804,10.357775
9.894342,11.225257
10.28459,10.59666
10.116456,11.002116
9.5443,9.680407
9.9407835,9.878221
9.785775,9.878221
9.803356,10.915107
10.274122,10.8685875
10.067221,9.975855
9.53856,9.878221
10.038681,9.928229
10.2681,9.998843
10.33044,9.7981825
9.415752,9.998843
10.185659,9.770013
9.68351,10.126671
9.9351015,9.6959095
10.826691,10.1849375
10.369671,9.975855
9.903681,10.126671
10.807978,10.021315
9.6068535,9.7981825
10.340073,10.463132
10.494858,9.741028
10.044611,10.373523
9.897198,10.126671
9.795528,10.2036295
8.905146,9.7981825
10.093278,9.806481
10.290516,11.082158
9.66388,9.975855
9.468124,10.126671
10.24174,10.325515
9.863607,9.680407
10.386414,10.2036295
10.399218,10.043293
9.0912895,9.852247
10.289134,9.7981825
10.121374,9.878221
10.107603,10.021315
10.605672,10.064798
10.592886,9.680407
9.236786,9.680407
9.304604,9.711176
9.19377,9.680407
9.534336,9.510519
8.942244,9.7981825
9.329657,10.389026
8.940773,9.741028
9.032299,9.975855
10.19521,10.419331
9.223324,9.7981825
9.872231,10.043293
9.350488,10.126671
9.91839,10.165891
9.990252,10.389026
9.913907,9.711176
9.960239,9.64866
9.102466,10.085851
10.201099,10.07116
10.089016,10.308986
9.461374,10.085851
9.775663,9.4697
10.667191,10.341775
10.045285,10.389026
9.643965,10.126671
9.451241,9.64866
9.298143,10.126671
9.200633,9.711176
9.355635,9.64866
9.494136,9.711176
10.648874,10.463132
9.488844,9.680407
9.566885,9.770013
8.605679,9.903538
9.342465,9.581973
9.262865,10.064798
9.041555,9.998843
9.696178,9.4697
9.636262,9.862718
9.584452,10.1849375
9.928152,9.4697
9.753557,9.4697
9.522953,9.928229
9.522896,10.021315
9.3382845,10.292179
10.05293,10.221977
9.241489,9.581973
9.675432,9.903538
9.284259,9.60245
9.785969,10.59666
9.959492,10.126671
10.283034,10.085851
10.022268,9.928229
9.431992,9.64866
9.919373,9.7981825
9.81443,10.021315
9.670267,9.770013
10.429998,10.126671
10.029879,10.505095
9.624941,9.852247
10.649948,10.657283
9.363603,10.463132
10.596872,9.903538
9.855846,10.126671
9.923542,10.221977
10.2178135,9.975855
10.580588,9.903538
10.347166,9.903538
9.940127,10.085851
10.578935,10.221977
10.225753,10.463132
9.473705,10.126671
9.502055,9.541154
9.780202,9.784197
10.264253,9.903538
9.613848,10.221977
9.974627,9.680407
9.906837,9.852247
9.7309885,9.903538
9.805238,10.165891
10.238716,10.71444
9.806924,11.119898
9.6075,10.221977
10.208738,10.357775
10.089981,10.373523
9.862044,10.064798
10.086298,9.903538
10.131236,10.59666
10.914325,10.463132
10.154562,10.152026
10.247868,10.221977
10.547482,10.126671
9.758477,9.546884
8.925606,9.510519
8.800251,9.546884
10.26553,10.419331
9.810715,9.878221
9.773852,10.571342
9.476441,9.546884
9.0749035,9.554001
9.546276,10.021315
9.15457,9.546884
9.962702,11.407576
10.435922,9.928229
10.506506,10.239996
10.254726,10.389026
10.007376,11.1947975
10.429692,11.248973
10.0300865,11.042938
10.557812,10.915107
10.367914,10.657283
9.678112,9.928229
10.639544,10.532123
10.226496,10.915107
9.663873,10.59666
10.361586,10.71444
10.3037,9.755626
9.906908,10.221977
9.945135,9.680407
9.855574,10.021315
8.959925,10.308986
10.296642,10.71444
10.191154,10.8685875
10.073835,9.7981825
10.576311,10.959558
9.616028,10.126671
9.625795,9.7981825
10.361527,10.126671
9.335892,9.770013
9.496063,9.770013
10.425068,10.668979
9.581182,9.903538
10.651105,9.770013
10.355561,10.357775
10.015621,10.463132
10.117598,9.793729
10.111876,9.928229
10.523654,11.002116
9.70001,10.021315
9.92721,9.711176
10.538535,10.768506
10.149435,10.768506
10.419526,10.71444
9.7528925,10.59666
9.764988,9.964159
9.448732,9.680407
10.261667,10.558439
10.104418,9.711176
10.106842,10.59666
9.041447,10.373523
9.462103,10.292179
10.364628,11.191356
9.16225,9.852247
9.482464,10.558439
10.156761,10.126671
10.191622,10.657283
10.594681,10.450481
10.7983675,10.165891
7.4987054,9.987415
7.4987054,10.021315
9.9091015,9.615872
10.092329,10.477316
9.989049,10.71444
10.664248,10.657283
10.408499,10.275085
10.177862,10.463132
10.196232,10.518701
10.208937,10.165891
10.317715,9.392745
9.845939,10.341775
10.237489,10.116621
9.273418,10.126671
10.111853,9.639587
10.42211,10.389026
10.186549,10.221977
9.864943,10.2036295
10.055363,10.292179
9.692318,10.308986
10.229467,10.165891
10.268082,10.028224
9.945669,9.911506
10.243447,9.711176
10.764161,11.119898
9.805929,10.915107
10.127336,9.998843
9.283018,9.584314
9.879011,10.2036295
10.624311,11.156265
9.950067,9.615872
10.363026,10.71444
9.74915,9.952325
9.864358,10.239996
10.244032,10.221977
9.905054,9.564583
10.097397,10.532123
10.08221,9.862718
9.973337,10.71444
10.203192,10.239996
10.05585,10.341775
9.943644,9.928229
10.565595,9.541154
9.64007,9.575053
10.449314,10.59666
9.468181,9.371694
9.813033,9.770013
10.363862,10.59666
10.22655,10.043293
9.259417,10.308986
9.8632965,9.998843
9.967567,10.532123
10.18681,9.852247
9.506126,9.7981825
9.570557,10.308986
10.276616,10.126671
10.136546,10.59666
10.434175,10.357775
10.276256,9.998843
10.1343975,9.592264
9.665274,10.59666
9.959438,9.519515
9.734254,10.126671
9.656379,10.021315
10.000581,10.819798
10.373293,10.532123
10.294462,10.558439
9.849782,9.506065
10.243053,9.770013
10.394579,10.915107
10.445283,10.463132
9.805745,10.021315
10.516964,10.555839
10.337054,10.532123
10.158439,10.335173
10.3438425,9.506065
9.997899,10.308986
10.011707,10.498222
10.274548,9.639587
9.737498,10.657283
9.639877,10.275085
9.911101,10.532123
9.755382,9.928229
10.502563,10.59666
10.758873,10.393325
10.518835,10.59666
9.795111,9.159152
9.739418,10.165891
9.906279,9.998843
9.942186,10.768506
10.455475,11.002116
10.49471,10.959558
9.223066,10.221977
10.263138,10.874286
10.019208,10.064798
9.744637,9.615672
8.926666,11.350418
10.488157,10.819798
9.965437,11.002116
10.032946,10.308986
9.845081,10.463132
10.372921,11.512936
9.012365,10.463132
9.830891,10.532123
9.666646,10.839601
10.002813,10.768506
9.624229,9.770013
10.317026,10.325515
10.002948,10.768506
9.963796,10.657283
9.820375,10.657283
9.992018,10.221977
10.17811,10.389026
9.802142,10.085851
9.872376,10.146473
9.57682,10.308986
10.249235,10.308986
10.5212755,10.389026
10.706444,10.976799
10.134525,9.615872
9.719435,9.615872
9.678001,10.308986
9.460495,10.021315
10.184158,11.002116
10.079075,11.002116
10.0480995,10.165891
9.437624,9.903538
9.680743,10.389026
9.509792,10.308986
9.786081,10.59666
9.354497,9.852247
9.264214,10.043293
9.670567,9.7981825
9.650083,10.021315
10.188062,10.116621
10.220185,10.491302
9.445663,10.045031
9.741588,10.78934
9.903931,10.308986
10.440014,10.463132
9.939371,10.59666
10.354799,10.621352
9.963976,9.64866
10.2762785,10.621352
10.390836,9.952325
10.113087,10.308986
10.550292,10.571342
10.28105,10.434145
10.176373,10.59666
9.523493,9.998843
10.545033,10.8685875
9.870394,11.042938
10.277184,10.221977
9.949545,10.72549
9.857618,9.462266
10.040545,9.670357
9.685225,9.4697
9.846516,9.82558
9.184965,9.952325
9.799206,10.389026
9.973827,11.002116
10.684284,10.819798
9.785458,9.741028
10.634032,10.268166
10.583143,10.768506
9.799538,10.021315
10.594114,10.404293
10.431329,11.042938
10.396205,9.952325
9.502155,10.532123
10.05022,9.210441
9.897581,10.657283
10.364803,10.389026
9.795782,9.952325
10.710865,11.233225
10.090221,10.1849375
10.512768,10.389026
10.573184,9.615872
10.050924,10.146473
10.167863,10.71444
10.195179,11.350418
10.08976,10.043293
10.367447,10.71444
9.867918,10.1849375
10.264807,9.9804945
10.49534,9.770013
10.732231,11.277216
9.84273,9.611664
9.203169,9.546884
9.79446,10.308986
9.549745,9.952325
10.832478,10.308986
10.099903,10.915107
9.260156,9.952325
10.22223,9.692828
9.630072,9.564232
9.133227,9.852247
9.842396,10.221977
10.098888,10.341775
9.340509,10.1849375
10.658911,10.221977
8.929363,10.463103
9.699235,10.043293
9.706001,10.043293
10.128295,10.389026
10.021356,10.532123
10.302845,10.275085
8.966883,10.126671
10.317913,10.389026
9.536077,9.82558
10.485842,10.085851
10.149149,11.338584
10.154574,10.463132
10.276312,10.2036295
10.347338,10.165891
10.554904,11.060385
10.129821,11.350418
10.443921,10.59666
10.19609,9.7981825
10.333001,11.350418
10.6974125,9.82558
10.239885,10.463132
9.646864,10.2036295
11.237958,10.532123
10.699142,10.915107
10.087326,10.491302
10.962258,10.057452
9.825951,10.71444
10.847719,11.350418
9.918819,10.961295
10.021423,10.657283
10.314148,10.085851
10.45389,10.12507
10.20379,10.021315
10.556479,11.225257
10.533321,10.199175
9.810474,10.532123
10.437178,10.021315
10.308769,10.419331
9.946376,10.064798
10.447029,11.248973
10.4663105,10.106469
10.139742,10.373523
10.112271,10.657283
10.772563,11.289794
9.491561,9.7981825
10.38616,10.915107
10.379077,10.463132
10.764325,10.106469
10.312214,10.915107
10.304329,10.8685875
10.057205,10.768506
10.285002,10.915107
9.974163,10.389026
10.500292,10.959558
9.635634,9.639587
10.595896,10.221977
10.115433,11.086456
10.36207,10.633472
10.074598,10.332702
10.731457,10.308986
9.472375,10.819798
9.711676,10.341775
9.735743,9.903538
9.708476,9.7981825
9.997398,10.1849375
10.522249,10.7987795
10.551255,10.657283
10.662094,10.341775
9.7940235,10.357775
9.600426,10.021315
9.905117,10.308986
10.444813,11.184435
10.144697,10.71444
10.099104,10.657283
9.630508,9.82558
9.192257,10.768506
9.773468,10.463132
8.82733,10.71444
8.807766,10.126671
9.649748,9.64866
10.107037,9.680407
9.88315,9.741028
9.925339,9.998843
10.1369,10.532123
10.031992,9.952325
9.626436,9.82558
10.008851,9.800845
10.124667,10.768506
9.899803,10.558439
10.287472,11.320565
9.58505,10.645449
9.884333,10.257694
10.547825,10.717103
9.721698,10.915107
10.0658245,10.59666
9.066044,10.085851
10.100459,10.308986
9.759886,10.005412
10.036494,10.389026
9.947767,11.225257
9.9137535,9.878221
10.106703,10.874286
10.037055,10.457401
10.27036,10.308986
9.991789,10.308986
9.814457,9.770013
9.707666,9.770013
10.092779,9.6959095
8.800783,10.085851
10.05258,10.457401
10.210484,11.082158
9.627991,10.221977
10.828079,10.532123
9.334788,10.463103
10.111061,10.71444
10.630148,9.928229
10.805645,10.221977
9.844107,10.463132
9.521381,10.308986
9.797686,9.770013
9.72797,9.82558
11.006368,10.71444
10.291292,10.341775
10.729,10.688051
9.673044,10.59666
10.054155,9.82558
10.327665,10.275085
9.435505,9.770013
10.091537,10.275085
9.367819,9.729194
10.786642,10.389026
10.542139,9.903538
10.44747,10.389026
9.930777,9.82558
9.54888,9.705097
10.532774,10.545368
9.692249,9.729194
9.85082,10.126671
10.482747,10.768506
10.270691,10.71444
9.77107,10.221977
10.17848,10.819798
10.01674,10.021315
9.411994,9.392745
10.235915,10.434145
10.181961,10.657283
9.759598,10.106469
10.394784,10.404293
9.855219,10.021315
10.504239,9.700208
9.681973,9.541154
9.788839,10.308986
8.810122,10.085851
10.497307,10.357775
9.90228,9.852247
9.955416,9.7981825
9.723816,9.878221
10.53191,11.156265
10.440965,10.474495
8.458796,10.532123
10.080964,11.407576
9.242414,9.741028
9.799658,9.852247
10.263464,10.085851
9.629984,10.463132
10.201895,10.085851
9.841887,10.59666
9.836747,10.126671
9.940153,9.711176
9.97098,10.540091
10.66624,10.474495
10.440965,10.474495
10.076397,10.126671
9.440481,10.463132
9.716688,10.59666
9.365833,10.463132
9.448647,10.239996
10.033949,10.126671
10.248215,10.126671
9.9583435,10.308986
9.644844,9.575053
10.034531,9.729194
9.383691,9.575053
10.052814,10.292179
9.512393,10.491302
9.961686,11.407576
10.080579,9.65509
10.470381,10.308986
10.02982,10.165891
10.187671,10.221977
9.5781765,9.852247
10.348171,9.928229
10.190069,10.571342
9.698753,9.64866
9.613324,10.747229
10.08199,10.71444
10.171671,11.366755
9.948066,10.404293
9.917094,10.434145
9.840105,10.370393
9.732582,10.045031
10.467565,11.042938
9.740078,10.59666
10.274651,10.59666
9.692621,10.021315
9.868904,9.975855
10.016455,9.852247
9.646697,10.59666
10.984808,11.472114
10.643511,10.126671
10.349049,10.491302
10.587177,11.496806
9.665388,10.126671
10.340935,11.512936
10.139418,10.213285
10.460373,10.20474
10.325043,10.385173
10.739279,11.041337
9.77673,10.308986
10.016842,9.903538
9.974473,11.184435
9.883212,10.126671
10.041475,11.512936
10.374484,10.422311
10.086239,10.457401
10.175376,9.3843775
10.500179,10.225607
10.31761,8.722417
9.900095,9.575053
10.202301,10.268166
10.133029,10.457401
10.366852,10.457401
10.069063,10.257694
9.529582,10.027473
9.561893,9.680407
9.539757,10.280999
9.205854,9.575053
9.679953,9.399058
10.05707,9.542302
9.4063635,9.093919
10.162111,10.901948
10.043975,9.66396
9.543892,9.621721
9.720842,10.23351
9.592571,10.917812
10.377548,11.082158
9.958254,10.23351
10.084715,11.082158
10.070402,11.002116
9.906174,10.23351
9.819624,8.786762
9.409546,10.23351
9.617199,10.23351
9.563689,10.010366
9.640434,10.714973
10.221041,10.23351
9.263355,10.748776
9.573618,10.169767
10.061257,9.597913
9.642578,9.71764
9.916848,9.71764
10.092313,11.0260935
10.148885,10.457401
10.31834,9.583076
10.186472,9.406976
10.053982,10.754236
9.539074,9.583076
10.4625845,9.2680435
10.068716,9.490167
10.132313,9.537844
10.540138,10.268166
10.08403,10.385944
9.934047,10.23351
9.736494,10.126671
9.889561,10.260008
10.292749,10.389026
11.05389,10.545368
9.382967,9.741028
10.719135,9.998843
10.307999,10.915107
10.675261,10.463132
10.813427,10.915107
10.154892,10.915107
10.438624,10.021315
9.552773,9.606765
10.161103,11.320565
9.504309,11.289794
9.356245,11.289794
9.488775,11.289794
10.323318,11.407576
10.302935,11.512936
11.029932,11.472114
10.040873,11.472114
10.188291,11.502885
10.908831,11.472114
10.352734,11.082158
10.141482,11.082158
10.092304,10.71444
10.654137,11.512936
10.27566,11.225257
10.519011,11.338584
10.430698,11.338584
10.975515,11.338584
10.456578,11.472114
10.254478,11.320565
10.540758,11.407576
9.951428,10.915107
10.408861,10.768506
10.727791,11.407576
10.968071,11.156265
11.090371,11.305299
10.114953,11.350418
10.28189,11.320565
10.207983,11.264477
10.056576,11.264477
10.123979,11.264477
9.881292,11.248973
10.79357,11.156265
10.592898,11.156265
10.345951,11.156265
10.766001,11.225257
10.093536,11.184435
10.688971,11.209127
9.383491,10.819798
10.559861,11.191356
10.219901,11.082158
9.862055,11.225257
10.026314,11.082158
9.937068,11.184435
10.479463,11.184435
11.167842,11.097425
11.062618,11.050906
10.548725,11.156265
10.894302,11.156265
10.033758,10.819798
10.58334,11.082158
10.441447,11.156265
10.0154,10.915107
9.508164,11.119898
10.157129,11.002116
10.966801,11.082158
10.142304,11.082158
10.034505,10.71444
9.9882145,10.819798
10.017907,10.819798
10.048328,10.71444
10.307816,11.273665
11.216906,11.248973
10.749464,11.0023
10.73123,11.050906
10.090269,11.042938
9.74573,11.002116
10.217554,11.002116
10.936144,10.959558
10.451374,11.082158
10.07633,10.959558
10.558159,11.002116
10.716829,10.8685875
9.805723,10.959558
10.048664,10.915107
10.08717,10.915107
10.471007,10.849357
10.649939,11.002116
9.799056,10.71444
10.261269,10.819798
10.383236,10.896758
10.578741,10.915107
10.61072,10.959558
9.162739,10.8685875
10.164016,10.915107
9.725561,10.59666
10.874533,10.959558
10.03775,10.819798
10.585394,10.915107
10.492628,10.915107
9.941419,10.819798
10.256201,10.959558
10.050469,10.959558
10.324273,10.8685875
9.748372,10.959558
10.101887,10.434145
9.827901,11.002116
9.908289,10.915107
10.341435,11.115443
10.11195,10.874286
10.342062,11.086456
9.435648,10.736419
10.780069,10.819798
10.140894,10.8685875
10.26582,10.8685875
9.966532,10.819798
10.172759,10.915107
10.176434,10.819798
9.793072,10.768506
10.99941,10.768506
10.452522,10.915107
9.623402,10.915107
10.173746,10.819798
9.286749,10.819798
10.465645,10.915107
9.708574,10.819798
10.360064,10.819798
9.36547,10.221977
10.182424,10.419331
9.91016,10.8685875
10.138062,10.819798
9.986336,10.325515
10.631161,10.827766
10.322418,10.78934
10.403473,10.680539
9.586607,10.989876
10.378308,10.609082
10.664414,10.819798
10.38562,10.71444
10.511314,10.657283
9.509512,10.308986
10.289507,10.558439
10.568515,10.819798
10.5384445,10.532123
10.177654,10.59666
10.326653,10.768506
10.207182,10.691968
10.362953,10.71444
10.44527,10.691968
10.397366,10.819798
9.819104,10.463132
9.874104,10.463132
9.983328,10.532123
9.4043865,10.71444
10.36486,10.657283
9.656733,10.799596
10.800663,10.819798
9.885656,10.1849375
9.674459,10.1849375
10.750804,10.477316
10.11462,10.768506
9.949437,10.71444
10.386272,10.71444
9.697725,10.126671
10.261499,10.768506
9.812694,10.936975
10.50032,10.747229
10.036946,10.357775
10.004118,10.680539
10.417281,10.59666
9.330137,10.657283
10.05349,10.657283
10.511967,10.59666
9.76582,10.59666
10.105612,10.59666
10.062157,10.71444
10.240136,10.71444
10.622719,10.59666
10.275558,10.511921
10.161196,10.59666
9.789546,10.59666
9.748564,10.532123
9.932251,10.657283
9.853002,10.657283
10.205517,10.768506
9.822844,10.59666
9.878361,10.71444
10.604456,10.59666
10.125372,10.59666
10.528746,10.59666
10.61025,10.532123
10.394369,10.71444
10.523455,10.657283
10.478361,10.633472
9.946563,10.021315
9.9584,10.532123
10.687762,10.657283
9.583485,10.657283
8.962578,10.126671
9.924339,10.7232895
10.359499,10.657283
13.175785,10.385944
10.49401,10.59666
10.147789,10.59666
10.251831,10.657283
10.276351,10.59666
10.615421,10.657283
10.154739,10.532123
9.87813,9.472781
9.370319,10.657283
10.530482,10.59666
10.077261,10.59666
9.918582,10.657283
9.231843,10.633472
10.160834,10.558439
10.403945,10.633472
10.20071,10.633472
9.553449,10.571342
10.075562,10.80033
9.87312,10.558439
10.547323,10.518701
10.258236,10.673619
10.165295,10.778977
10.113564,10.491302
10.5121765,10.621352
10.106326,10.558439
10.839917,10.657283
9.782123,10.558439
10.052015,10.735636
9.916269,10.463132
10.30205,10.463132
10.312942,10.532123
10.242321,10.532123
10.291204,10.571342
10.421728,10.463132
10.38122,10.532123
10.003792,10.59666
10.707432,10.463132
10.370435,10.463132
10.287582,10.463132
9.799743,10.463132
10.081591,10.389026
10.181997,10.59666
10.285015,10.532123
10.355328,10.463132
9.675501,10.463132
9.891877,9.903538
10.810579,10.59666
9.531174,10.59666
9.913498,10.463132
9.904631,10.463132
9.921827,10.463132
10.012169,10.59666
9.007476,10.532123
7.363462,10.389026
10.46682,10.463132
10.159548,10.59666
9.993466,10.505095
10.0754795,10.389026
10.120417,9.903538
10.005274,9.903538
10.157601,10.532123
10.355144,10.308986
10.170091,10.59666
10.433685,10.308986
10.4752035,9.903538
9.93322,10.463132
10.40613,10.463132
10.460327,10.448744
10.376997,10.505095
10.3203125,10.505095
10.719185,10.545368
9.859445,10.545368
10.28529,10.545368
10.121582,10.463132
10.183683,10.477316
10.140425,10.66693
10.336557,10.419331
10.686859,10.477316
10.281563,10.491302
10.292702,10.491302
9.933384,10.488743
10.027461,10.648871
9.874504,10.648871
9.944153,10.648871
9.5733795,10.648871
10.666435,10.463132
10.218443,10.434145
10.549246,10.404293
9.852596,10.338544
10.663336,10.491302
10.5192585,10.325515
10.554639,10.404293
10.133764,10.463132
10.472139,10.657283
10.310299,10.275085
10.070271,11.082158
10.594211,10.434145
10.010799,10.768506
9.632302,10.308986
9.967535,9.975855
9.889621,10.463132
9.93034,10.463132
9.3070545,9.546884
9.400601,9.510519
9.966549,11.002116
10.2366495,10.59666
10.0752125,10.308986
9.94148,9.546884
10.104408,10.389026
9.45244,11.002116
9.907581,10.1849375
9.933144,10.463132
10.596622,10.389026
9.643919,11.289794
10.207825,11.225257
10.162239,10.021315
9.290597,9.862718
10.814311,10.71444
10.090956,10.389026
10.164794,10.389026
10.304017,10.448744
10.448013,10.463132
10.686987,10.419331
10.667667,10.389026
10.050526,10.389026
10.251997,10.308986
10.027369,10.419331
10.076563,10.389026
9.639123,10.463132
10.441474,10.239996
10.274535,10.389026
10.082639,10.463132
10.609181,10.463132
9.588854,10.292179
10.327968,10.463132
10.003013,10.463132
10.437994,10.463132
9.594495,10.389026
10.476433,10.389026
10.412113,10.389026
10.746778,10.308986
10.189457,10.389026
9.555836,10.292179
10.507807,10.308986
10.423645,10.308986
10.445109,10.308986
10.255588,10.389026
10.362037,10.308986
10.239876,10.434145
10.489991,10.389026
9.964935,10.389026
10.437555,10.389026
10.235996,10.389026
10.079903,10.289973
10.019697,10.389026
10.075562,10.389026
9.531549,10.308986
10.405044,10.463132
10.672959,10.308986
9.616447,10.1849375
10.263922,10.389026
10.238472,10.463132
10.517666,10.373523
10.346965,10.275085
10.445411,10.434145
10.230224,10.434145
10.455632,10.357775
10.103193,10.357775
10.281931,10.357775
10.630171,10.275085
10.355846,10.308986
10.139788,10.165891
10.05698,10.126671
10.0925865,10.308986
10.2994375,10.1849375
10.523502,10.221977
10.405297,10.221977
9.556822,10.308986
10.138996,10.221977
9.94346,10.308986
10.428145,10.308986
9.690283,10.308986
10.264928,10.275085
10.314932,10.239996
10.133564,10.318045
10.079319,10.165891
10.439009,10.1849375
10.45615,10.146473
10.247208,10.1849375
10.420208,10.239996
10.271826,10.1849375
9.79822,10.221977
10.375976,10.239996
10.052532,10.434145
10.568871,10.2036295
10.343348,10.1849375
10.180914,10.165891
10.518339,10.165891
10.561129,10.126671
9.964736,10.146473
10.270803,10.064798
10.145319,10.2036295
10.448375,10.146473
9.689346,10.165891
10.084436,10.126671
10.278696,10.126671
10.377327,10.064798
10.208805,10.085851
10.164471,10.043293
10.591666,10.126671
9.968686,10.064798
9.758677,9.770013
10.1420965,9.770013
10.031476,9.964159
9.6532545,9.839003
10.610395,10.021315
10.016135,10.021315
10.388571,10.126671
10.327503,10.126671
9.932182,9.903538
10.142353,10.126671
10.0959635,10.126671
10.458473,10.308986
10.231211,10.126671
9.953129,10.021315
10.383812,9.852247
10.26422,10.021315
10.212137,10.021315
9.669458,10.126671
10.49963,10.021315
10.148338,10.021315
9.83739,10.043293
9.76741,10.021315
10.064293,10.021315
10.339336,10.064798
10.153906,10.021315
10.073851,10.021315
9.743839,9.770013
10.721437,10.064798
10.02709,10.085851
10.429895,9.998843
10.662111,9.998843
9.9039955,10.085851
9.778992,9.7981825
10.026643,9.7981825
9.424096,9.998843
10.390568,10.021315
10.554765,10.043293
9.931669,9.7981825
10.079765,10.085851
9.966324,9.729194
9.8117485,10.064798
10.207207,9.7981825
10.321153,10.05608
9.567975,9.975855
10.187288,9.921131
9.8560915,9.770013
10.421114,9.952325
10.10907,9.952325
9.953992,9.952325
9.473772,10.021315
10.259333,9.998843
10.584937,9.903538
9.919277,9.878221
9.80563,9.615872
9.817143,9.615872
9.898109,9.903538
9.989943,9.998843
10.047548,9.903538
10.293934,9.878221
9.818538,9.928229
10.272223,9.952325
9.696592,9.952325
10.490402,9.952325
10.439949,9.878221
10.191973,9.9223585
10.638663,10.06399
10.261721,9.911506
10.048572,9.903538
9.991728,9.878221
9.681601,9.770013
10.221813,10.221977
9.803562,9.903538
9.972687,9.680407
9.279685,9.903538
9.970591,9.903538
10.088465,9.903538
10.122977,9.903538
9.914077,9.769957
10.164059,9.741028
10.094772,9.741028
10.125782,9.741028
9.636126,9.7981825
10.103301,9.7981825
9.660777,9.686637
9.290716,9.554001
10.000946,9.82558
9.421085,9.546884
10.007366,9.546884
9.500061,9.7981825
9.552273,9.7981825
9.428932,9.766694
10.875555,9.741028
10.3475275,9.770013
10.504871,9.697447
10.537601,9.581973
9.870859,9.546884
10.088112,9.624303
10.247461,9.615872
10.067025,9.615872
10.24476,9.510519
10.3719425,9.615872
9.970031,10.357775
10.156206,9.488048
9.910864,9.510519
10.265659,9.546884
10.261038,9.510519
10.133573,9.453365
10.058674,9.601369
10.253151,9.587612
9.910336,9.159152
10.057768,11.181766
9.942635,9.218408
10.703253,10.863317
10.178261,10.021315
10.29526,9.770013
10.284462,10.165891
10.265688,11.191356
10.05407,11.156265
10.058779,9.958023
10.176849,9.903538
10.421813,10.292179
9.440245,10.064798
9.561085,9.7981825
9.869522,9.7981825
9.775735,9.903538
9.807585,9.903538
10.129853,9.615872
9.744257,10.463132
9.808479,9.615872
9.699422,9.903538
9.963408,9.615872
10.101168,10.126671
10.145132,10.126671
8.822447,9.210441
7.340665,9.350189
8.488178,8.9227915
7.9942584,8.657129
8.505597,9.210441
8.836642,10.59666
8.966211,9.210441
9.274284,8.9227915
8.811532,8.9227915
8.100117,9.210441
10.745957,11.156265
10.100872,11.225257
9.566193,10.268166
9.922064,10.268166
10.016607,10.275085
9.178375,9.903538
9.943155,9.998843
9.804478,10.457401
10.138611,10.389026
10.501295,10.422311
10.090399,9.903538
10.274327,10.043293
10.073038,10.021315
10.044479,10.532363
10.0552435,9.966274
10.120911,10.621352
10.248697,10.876971
10.052485,10.343387
10.339894,10.06951
9.171043,9.621589
10.127193,11.156265
10.110689,10.408858
10.328402,10.603834
10.328402,10.535769
10.206989,10.383565
10.130493,10.029503
10.1800375,9.492582
10.297904,10.25418
10.030912,10.59666
9.99037,10.59666
9.837782,10.59666
10.442568,11.225257
10.583688,11.461642
10.196323,10.463132
10.526371,11.512936
10.691814,10.915107
10.366207,10.71444
10.916317,11.082158
10.083672,10.71444
9.792169,9.685393
10.357019,10.8685875
9.696449,11.143614
10.487322,10.268166
10.276598,9.575053
9.960762,9.615872
10.64145,10.165891
10.1604595,9.768412
10.053787,10.165891
9.357973,10.165891
10.079752,9.768412
10.1588955,9.768412
9.934535,10.146473
10.109596,9.384714
10.296986,10.106469
10.441683,9.768412
9.818055,10.657283
9.637268,10.167811
10.111273,10.221977
10.130249,10.504547
8.600212,10.085851
9.937784,9.554143
10.256827,10.1849375
9.786736,9.554143
8.888781,10.234265
10.07109,10.504547
10.265003,10.146473
10.257595,10.239996
10.045588,10.738156
10.457766,10.308986
9.9463005,10.892303
10.310493,10.332702
10.353167,10.837245
10.206395,10.085851
10.256974,10.818197
6.861296,10.308986
10.283716,11.115443
10.438736,10.855937
10.3188,10.657283
10.297585,10.621352
10.4797,10.1849375
10.106285,10.651147
10.106503,10.778977
10.190634,10.778977
9.593451,10.126671
10.274318,10.727685
10.661064,11.264477
10.155486,9.975855
10.287248,11.042938
9.867741,10.126671
9.528973,10.126671
9.666227,9.680407
10.210912,10.633472
11.038911,10.657283
9.807474,10.404293
9.6987295,10.308986
10.568293,10.389026
9.853615,9.852247
10.318302,10.819798
10.2318945,10.819798
10.146692,10.357775
9.595687,10.819798
10.038527,10.126671
8.782302,10.71444
10.037022,10.064798
10.110062,10.308986
10.466027,10.532363
10.006287,10.532363
10.44837,10.71444
9.764468,10.389026
10.374794,10.389026
10.263187,10.59666
10.1549,11.002116
9.686718,10.71444
10.463861,10.959558
10.920233,11.289794
10.759001,10.633472
10.090897,10.221977
10.310017,10.555839
10.494068,10.491302
10.051376,10.558439
10.133352,10.239996
10.286626,10.609082
10.095562,9.711176
10.164093,10.275085
10.346207,10.341775
9.774705,9.711176
9.931522,10.2036295
9.9730015,10.221977
9.844981,10.463132
9.454469,9.741028
10.287074,10.747229
10.297829,10.768506
10.149015,10.915107
10.230566,10.959558
9.73867,11.042938
9.819667,10.308986
10.234554,11.082158
10.311947,10.126671
10.377329,10.59666
9.598308,10.1849375
10.624342,10.78934
10.237431,10.085851
9.691158,10.896758
10.266858,10.736419
9.692236,10.524091
10.703424,10.545368
9.872172,10.463132
9.659834,10.357775
10.389403,11.119898
10.571451,11.082158
10.565769,10.819798
9.836554,10.1849375
9.688817,10.71444
10.246732,10.463132
9.5588,10.757924
9.648376,10.043293
10.517635,10.657283
10.258708,10.085851
10.218439,9.975855
9.868511,10.657283
9.975067,10.59666
10.271406,9.975855
9.54791,9.495594
9.526112,9.746892
10.222052,10.532123
9.752197,10.126671
10.247435,10.239996
10.062842,10.571342
9.729301,9.7981825
9.729301,9.581973
9.634354,10.657283
10.329313,11.350418
10.708435,11.289794
9.58491,10.432379
10.208755,10.463132
10.303411,11.082158
10.365703,8.818926
9.891924,10.066923
10.024153,10.348206
9.436092,10.348206
9.550604,9.903538
9.737438,10.537442
9.47962,9.903538
10.252654,10.537442
10.153744,9.680407
9.981331,10.463132
10.475565,9.615872
10.097771,9.472781
10.097743,10.537442
10.506798,10.537442
11.036771,10.463132
10.396399,10.308986
10.166332,9.431963
10.230962,10.126671
10.204124,9.7981825
10.2885,9.903538
10.562022,10.308986
10.154245,10.239996
10.111538,10.71444
9.8703575,10.2036295
10.832138,10.2036295
10.529504,11.066654
10.043713,10.537442
10.701318,10.59666
9.670469,9.7981825
10.236485,10.537442
10.173876,10.165891
10.250179,10.819798
9.793359,10.545368
9.885503,10.71444
10.317572,10.59666
9.535549,10.463132
10.664334,10.389026
10.065063,9.952325
9.596315,10.157859
9.675491,10.819798
10.237225,10.545368
10.375147,11.350418
9.454823,9.903538
10.594549,10.463132
10.190388,9.770013
10.153746,9.546884
10.049288,9.679907
10.937466,10.915107
10.43418,11.350418
9.8594265,10.571342
9.868112,10.915107
10.128321,10.59666
9.907478,10.336957
9.521841,9.730978
10.760733,10.915107
10.141651,10.537442
10.309542,10.5355835
9.57576,10.308986
9.696281,11.002116
11.715819,11.082158
10.019274,11.225257
10.794376,11.350418
10.490374,11.350418
10.307932,9.998843
9.679689,9.809232
10.06467,10.537442
10.95608,10.463132
10.219887,10.502352
10.496233,10.308986
10.0790615,10.126671
9.727381,10.545368
9.839168,10.545368
9.703649,10.545368
10.023288,10.502352
10.111761,10.537442
9.862386,10.126671
9.831387,9.852247
9.507856,10.126671
9.992709,10.59666
9.654934,10.59666
10.599718,10.502352
10.3711405,10.571342
10.32883,10.502352
10.044116,10.448744
10.202297,10.571342
10.206184,9.838202
10.496621,9.741028
10.416166,9.998843
10.171321,10.308986
10.357432,10.915107
11.050394,10.308986
9.979096,9.852247
10.953895,11.476894
10.38015,10.308986
10.636689,10.463132
10.566094,10.59666
10.217417,10.502352
9.939806,10.571342
10.32883,10.502352
9.879854,9.729194
9.432562,9.729194
9.925743,9.729194
8.711796,11.289794
9.498165,11.289794
9.1917925,11.289794
9.496868,11.289794
9.178298,11.289794
10.781205,11.918397
10.702839,11.097425
10.5289955,11.461642
10.837553,11.608245
10.543694,11.289794
10.731588,11.258046
10.494819,11.4876175
10.511171,11.472114
10.801829,11.413116
10.142541,11.496806
10.411135,11.407576
10.50749,11.407576
10.838098,11.407576
10.527441,11.350418
10.4980955,11.407576
10.607,11.434975
10.28041,11.156265
10.36651,10.959558
10.777564,11.156265
10.31158,11.156265
10.113041,11.446796
10.694029,11.407576
10.730123,11.420821
10.820148,11.407576
10.641429,11.407576
10.485951,11.440366
10.5013275,11.407576
10.634356,11.472114
10.9683075,11.407576
10.937998,11.338584
10.524749,11.407576
10.177311,11.350418
10.665047,11.407576
10.49832,11.352769
10.621127,11.289794
10.470386,11.373675
10.247626,11.289794
10.07527,11.407576
10.278536,11.407576
10.686434,11.320565
10.026447,11.320565
10.31959,11.350418
10.739141,10.71444
10.622924,10.1849375
10.393305,11.225257
10.541164,11.138247
10.20256,11.305299
10.499158,11.366755
10.858997,11.258046
10.401892,11.258046
10.055556,11.191356
10.427877,11.258046
10.156292,11.119898
10.378362,11.258046
10.360076,11.366755
10.547292,11.264477
10.637434,11.264477
10.690749,11.264477
10.95578,11.338584
10.767666,11.338584
10.04281,11.184435
10.260347,11.184435
11.130697,11.184435
10.824567,11.338584
10.969387,11.472114
10.339422,11.256755
10.908442,11.082158
10.357202,11.289794
11.325073,11.191356
10.513571,11.156265
10.59934,11.082158
10.688044,11.156265
11.024818,11.225257
9.838747,11.156265
10.743687,11.156265
10.266813,11.225257
10.22081,11.156265
10.453905,11.225257
10.85486,11.289794
10.306469,11.156265
10.889095,11.082158
10.311728,11.289794
10.136635,11.258046
10.457918,11.225257
10.509645,11.225257
10.104811,10.915107
10.369772,11.217225
10.64539,11.233225
10.482994,11.200964
10.186385,11.184435
9.993959,11.225257
11.040182,11.225257
10.650328,11.097425
11.096776,11.366755
10.538817,11.366755
10.538817,11.366755
10.341854,11.248973
9.776669,10.959558
10.566652,10.915107
10.748452,11.156265
10.217848,11.082158
10.537223,11.225257
10.296431,11.156265
10.517918,11.156265
10.1935215,10.71444
10.8468895,11.156265
10.059792,11.156265
9.984196,11.156265
10.553373,11.119898
10.284363,10.959558
10.399119,10.959558
11.306411,11.082158
10.295206,11.225257
10.5279455,11.021919
11.000373,11.1346035
10.921922,11.141876
10.359079,11.184435
10.185543,11.184435
10.749305,11.002116
10.628067,11.156265
10.30497,10.915107
9.782534,11.156265
9.884461,11.119898
10.059986,11.082158
10.519604,10.959558
10.637454,11.156265
10.08655,11.082158
10.43092,11.082158
11.392788,11.082158
10.560536,11.002116
9.7967205,11.119898
10.578802,11.002116
10.2655735,11.042938
9.963892,11.042938
10.337721,11.082158
10.647411,11.002116
10.234154,11.002116
10.503978,11.002116
10.596702,11.002116
10.394346,11.156265
9.856642,11.082158
10.571362,11.156265
10.532494,11.082158
9.702264,11.119898
10.5381975,11.119898
9.888658,10.8685875
10.513657,11.184435
10.509417,10.961295
10.127098,11.248973
10.164204,11.248973
10.063804,11.184435
10.1278715,11.248973
9.708458,11.248973
10.359152,11.115443
10.025396,11.248973
10.592733,11.031674
10.937283,11.088293
9.87938,11.082158
10.214117,10.959558
10.340951,10.915107
9.960466,10.959558
10.811339,11.082158
9.744903,11.042938
10.717325,11.082158
10.757513,11.042938
10.35634,11.082158
10.506325,10.959558
10.21327,11.082158
10.653763,11.082158
10.642986,10.8685875
10.570773,10.959558
10.549174,11.082158
9.620724,11.042938
10.5514965,10.389026
10.477491,11.002116
10.669455,10.8685875
10.211183,11.002116
10.362616,10.915107
9.775951,10.915107
10.7370615,10.915107
10.269655,11.002116
10.484749,11.002116
10.672911,11.082158
10.829493,11.079077
10.1094265,10.896758
10.753396,11.079077
10.458862,10.959558
9.951581,10.959558
10.436167,10.937579
10.670233,10.574542
10.722065,10.946428
10.3135605,10.817797
10.553257,10.915107
10.695419,10.915107
10.271356,11.002116
10.334652,10.959558
9.960735,10.915107
10.251591,11.002116
10.189272,10.915107
10.137393,10.819798
11.018345,10.959558
9.567781,10.8685875
9.879542,10.915107
10.281552,10.915107
10.076754,10.8685875
10.28861,10.8685875
10.742979,10.8685875
10.410217,10.819798
10.641565,10.308986
10.892023,10.896758
10.177719,10.691968
10.326887,10.71444
10.239073,10.959558
10.229092,11.002116
10.7940445,11.002116
10.340163,10.915107
10.681717,10.915107
9.786707,10.959558
10.496988,10.915107
10.345707,10.915107
10.62925,10.8685875
10.721959,10.819798
10.534554,10.915107
10.287876,10.915107
9.771965,10.819798
10.00333,10.915107
10.604773,10.308986
10.627726,10.915107
10.415258,10.959558
10.053118,10.959558
9.987881,10.915107
10.288745,11.002116
10.7885475,10.915107
10.120386,10.8685875
10.036078,10.915107
10.344594,10.819798
10.545406,10.819798
10.507481,10.915107
10.045446,11.002116
10.79739,10.819798
10.243931,10.915107
10.347125,11.002116
10.397575,10.915107
10.646084,11.002116
9.769529,10.968216
10.601839,10.8685875
10.704166,10.915107
10.209999,10.819798
10.661771,11.041337
9.810411,11.010084
9.559403,10.961295
9.745726,10.961295
10.387725,11.093782
10.120638,11.115443
10.835495,10.924156
9.958227,10.849357
10.486332,10.918736
10.543437,10.887456
10.59339,10.950824
9.725132,10.839601
9.951959,10.839601
10.247997,10.839601
10.474823,10.839601
9.9754305,10.78934
10.243807,10.878066
10.340717,10.944489
10.424089,10.851296
10.206017,10.71444
9.994188,10.819798
10.878411,10.819798
9.720883,10.768506
10.102552,10.915107
10.363369,10.819798
10.515622,10.819798
10.596075,10.8685875
10.332258,10.768506
10.379037,10.819798
10.314973,10.819798
9.541595,10.71444
9.432785,10.915107
10.5776615,10.768506
9.909111,10.819798
10.248159,10.819798
11.397027,10.768506
10.909931,10.819798
10.168711,10.8685875
9.965836,10.789319
10.158421,10.915107
10.123701,10.915107
10.367699,10.8685875
9.635571,10.915107
9.85514,10.915107
10.622021,10.819798
9.990712,10.8685875
9.991982,10.768506
10.137226,10.819798
10.426136,10.8685875
10.352488,10.819798
10.200748,10.915107
10.0419035,10.768506
9.890734,10.819798
10.253479,10.71444
10.274561,10.768506
10.483011,10.819798
10.422485,10.809748
10.398859,10.839601
10.481729,10.896758
10.466003,10.896758
9.728942,11.025832
9.238939,10.878066
10.435738,10.827766
10.249362,10.874286
9.232071,10.736419
10.39237,10.819798
9.564016,10.719848
9.281769,10.719848
10.035656,10.892303
9.771187,10.874286
9.8727045,10.855937
9.93919,10.874286
9.940727,10.874286
10.305332,10.532123
9.819151,10.71444
9.83835,10.657283
10.564479,10.768506
10.481512,10.768506
9.866945,10.59666
9.576065,10.463132
9.568338,10.463132
9.942741,10.71444
10.395126,10.768506
10.205481,10.71444
10.369796,10.71444
11.250227,10.819798
10.489391,10.71444
9.858059,10.819798
10.569629,10.768506
10.210035,10.71444
10.419798,10.657283
10.927858,10.819798
9.860071,10.71444
9.627908,10.768506
9.807358,10.59666
9.700201,10.819798
10.41214,10.691968
10.427235,10.71444
10.627666,10.71444
10.551277,10.819798
10.171686,10.71444
10.292019,10.819798
10.542313,10.59666
9.759054,10.819798
9.432578,10.819798
10.153883,10.819798
10.472409,10.819798
10.058547,10.819798
10.393196,10.768506
11.327533,10.71444
10.347923,10.768506
10.031971,10.799596
9.994714,10.819798
10.189941,10.768506
10.49038,10.71444
10.52672,10.532123
10.068884,10.59666
10.624266,10.657283
10.014966,10.768506
10.249836,10.768506
10.180826,10.657283
10.225657,10.71444
9.220954,10.71444
10.441011,10.657283
9.711527,10.71444
10.078905,10.404293
10.472258,10.736419
10.074663,10.819798
10.276909,10.768506
9.71949,10.463132
9.71949,10.463132
10.497465,10.768506
9.707945,10.71444
9.737598,10.819798
10.067944,10.768506
10.442106,10.819798
10.379395,10.768506
10.221573,10.768506
9.513596,10.71444
9.921233,10.768506
10.24304,10.657283
10.205063,10.71444
9.9879875,10.768506
10.289043,10.768506
10.011665,10.819798
10.476065,10.71444
9.847251,10.71444
10.076433,10.768506
9.964552,10.71444
9.835632,10.71444
10.533489,10.819798
11.005356,10.768506
10.215241,10.819798
10.193328,10.768506
9.910221,10.768506
10.429479,10.768506
9.888847,10.768506
10.23473,10.819798
10.164335,10.71444
10.2447815,10.799596
10.373688,10.757924
10.456703,10.708869
10.537591,10.927394
9.8965,10.927394
10.898451,10.645449
10.520168,10.645449
10.464646,10.778977
11.165909,10.491302
10.578135,10.778977
10.345951,10.727685
10.201239,10.736419
9.532963,10.778977
10.061825,10.778977
10.308886,10.7987795
10.748743,10.741838
10.45106,10.680539
10.163469,10.621352
10.236137,10.736419
10.6201515,10.571342
10.164502,10.609082
10.440618,10.517348
10.204312,10.517348
11.392803,10.668979
9.889368,10.706095
9.951068,10.532123
9.915964,10.609082
10.306926,10.59666
9.987362,10.532123
10.14974,10.59666
9.49058,10.59666
10.011988,10.532123
10.458176,10.532123
10.307283,10.532123
10.572578,10.463132
10.362789,10.532123
10.578561,10.71444
10.256054,10.657283
9.474188,10.71444
10.11001,10.657283
10.329996,10.657283
10.02442,9.975855
9.846132,10.404293
9.81036,10.71444
9.60428,10.657283
9.709839,9.852247
10.229471,10.657283
10.520863,10.609082
10.5334015,10.657283
10.338915,10.71444
10.425313,10.59666
10.047655,10.633472
10.255158,10.59666
10.136871,10.657283
9.999663,10.59666
10.016429,10.633472
10.054884,10.71444
9.640059,10.532123
10.094784,10.59666
10.342952,10.532123
9.143369,10.59666
9.822361,10.532123
9.867318,10.657283
9.150909,10.657283
10.343706,10.59666
10.397571,10.657283
10.141718,10.59666
10.141785,10.657283
10.34535,10.657283
9.067318,10.59666
9.711716,10.657283
10.701809,10.71444
9.283342,10.657283
9.577953,10.657283
10.99715,10.59666
10.110868,10.71444
9.740485,10.59666
9.391239,10.657283
10.891733,10.71444
10.054628,10.657283
9.888866,10.657283
10.864051,10.71444
10.205164,10.59666
10.295019,10.59666
9.664184,10.657283
9.957701,10.71444
9.867241,10.657283
10.140717,10.657283
9.825981,10.657283
10.1172905,10.532123
10.25016,10.59666
10.295409,10.657283
9.655197,10.657283
10.42043,10.59666
10.8390045,10.657283
10.017282,10.657283
10.044956,10.657283
10.450992,10.657283
10.59743,10.71444
10.12337,10.657283
9.89777,10.71444
10.445927,10.657283
10.194748,10.71444
9.59594,10.357775
10.524792,10.657283
10.212635,10.657283
10.6929035,10.021315
9.4858675,10.633472
9.669502,10.657283
10.347172,10.59666
10.800671,10.71444
10.414612,10.657283
9.917948,10.59666
10.538505,10.657283
9.55622,10.59666
10.498157,10.59666
9.714155,10.658505
10.536766,10.699417
10.355942,10.633472
10.493705,10.645449
10.810043,10.691968
9.757073,10.758775
10.1270075,10.778977
9.519714,10.778977
9.55007,10.778977
10.047892,10.758775
10.192421,10.778977
10.371586,10.738156
10.737417,10.555839
9.669523,10.778977
10.395699,10.778977
11.1512785,10.673619
10.732911,10.609082
9.597542,10.505095
9.82621,10.59666
10.724151,10.633472
10.532151,10.609082
9.5198,10.786531
9.876808,10.758775
9.892781,10.758775
10.253021,10.717103
10.108955,10.695598
10.453239,10.695598
9.990579,10.609082
10.250713,10.717103
9.657074,10.463132
10.487471,10.571342
10.232082,10.491302
9.727195,10.645449
9.519482,10.738156
9.721854,10.758775
10.08429,10.695598
10.318534,10.717103
10.298201,10.717103
9.796871,10.59666
8.53381,10.5836
10.270878,10.609082
10.293577,10.477316
10.047514,10.584082
9.940255,10.621352
10.223324,10.616462
10.383556,10.730204
9.8470955,10.532123
10.064394,10.532123
10.228815,10.59666
10.413973,9.903538
10.268594,10.463132
10.622847,10.463132
10.487953,10.59666
10.044813,10.59666
10.194845,10.463132
10.833141,10.463132
10.326012,10.532123
10.07231,10.532123
10.679976,10.59666
10.425701,10.59666
10.160454,10.275085
10.234552,10.532123
10.320103,10.59666
10.282127,10.463132
10.253066,10.463132
10.055887,10.532123
10.164993,10.558439
10.60647,10.532123
10.126177,10.532123
9.882406,10.463132
9.731371,10.532123
10.281245,10.463132
9.807017,10.064798
10.145591,9.903538
8.144487,9.903538
9.746211,10.463132
10.892675,10.419331
9.954483,10.59666
9.57173,10.463132
10.761985,10.59666
9.78003,10.532123
10.515568,10.463132
9.502026,10.59666
10.12391,10.463132
10.263536,10.434145
9.729814,10.463132
9.796192,10.463132
9.750355,10.389026
10.722841,10.463132
10.526133,10.49269
10.096711,10.389026
9.757467,10.59666
10.777426,10.532123
10.050921,10.463132
9.828083,10.532123
9.803265,10.532123
10.433637,10.463132
10.483048,10.532123
10.107513,10.532123
10.134057,10.59666
9.490357,10.389026
10.124126,10.389026
9.412239,10.59666
10.858429,10.532123
10.221387,10.532123
9.795431,10.463132
10.160618,10.463132
10.510421,10.59666
10.064041,10.59666
10.175224,10.532123
10.171064,10.463132
9.672195,10.59666
10.24474,10.463132
10.523979,10.463132
9.756744,10.308986
10.141902,10.532123
10.552757,10.463132
9.968783,10.59666
9.870401,10.463132
10.478373,10.532123
10.279726,10.463132
10.250443,10.59666
9.827503,10.308986
10.647252,10.463132
10.507997,10.463132
10.210034,10.59666
10.619713,10.463132
9.901318,10.463132
10.24464,10.558439
9.742419,10.463132
10.743209,10.434145
10.377838,10.532123
10.66001,10.463132
9.748604,10.532123
10.533679,10.463132
10.336218,10.59666
9.312343,10.463132
9.667845,10.532123
9.9283085,10.463132
10.293495,10.571342
10.163624,10.463132
10.186161,10.532123
9.944101,10.532123
10.634488,10.558439
10.966719,10.518701
10.071422,10.571342
9.780044,10.532123
9.898472,10.695598
10.295368,10.695598
10.592823,10.628158
10.196598,10.385944
10.551492,10.555839
9.939434,10.55391
9.965139,10.477316
10.022135,10.491302
10.5064125,10.477316
9.961164,10.434145
10.4869375,9.852247
10.356837,9.8705
9.850124,10.463132
9.771579,10.505095
10.318142,10.545368
9.75839,10.404293
10.222836,10.404293
9.309519,10.505095
10.127113,10.545368
10.953786,10.434145
9.710142,10.545368
9.362175,10.545368
9.889735,10.566201
10.684891,10.524091
8.888033,10.518701
8.938791,10.477316
9.2200985,10.419331
11.146531,10.463132
9.681974,10.518701
10.411944,10.491302
11.668356,10.463132
9.784121,10.448744
10.388889,10.518701
10.370065,10.518701
10.161577,10.621352
9.9108925,10.498222
9.542955,10.491302
9.790318,10.419331
10.200525,10.518701
10.491989,10.491302
10.51802,10.325515
10.610254,10.257694
10.372749,10.419331
10.599241,10.419331
10.370241,10.651147
9.089474,10.391331
9.896708,10.491302
10.553953,10.41184
10.575784,10.385944
10.311406,10.422311
9.804184,10.477316
10.534288,10.419331
10.331609,10.308986
10.529631,10.422311
10.36231,10.448744
9.521622,10.404293
10.2112055,10.488604
10.2689495,10.487573
10.204766,10.504547
10.120981,10.604628
10.309358,10.580531
10.51725,10.389026
10.633802,10.463132
10.036278,10.389026
9.83235,10.357775
9.644489,10.389026
10.154665,10.341775
9.678028,10.341775
9.811211,10.463132
10.180046,10.389026
10.160025,10.463132
7.8172727,10.389026
10.138913,10.419331
9.417549,10.1849375
10.523269,10.389026
10.375576,10.357775
10.5492735,10.434145
10.386576,10.389026
10.103331,10.419331
9.421839,10.308986
10.794865,10.389026
10.193353,10.389026
9.250492,10.389026
10.401838,10.389026
9.567884,10.239996
10.256175,10.434145
10.321278,10.308986
10.575304,10.308986
10.08595,10.308986
10.067875,10.308986
9.966389,10.36568
10.163902,10.463132
10.168354,10.308986
11.554917,10.308986
9.374878,9.770013
10.001699,10.308986
10.139881,10.463132
10.170676,10.463132
13.01405,10.308986
9.685642,10.308986
10.39462,10.389026
9.768702,10.221977
10.469625,10.389026
10.302892,10.357775
10.450767,10.419331
10.67012,10.308986
10.021154,10.463132
10.86577,10.341775
9.870839,10.308986
9.299877,10.389026
10.2636175,10.463132
10.4059925,10.308986
10.104025,10.463132
10.628082,10.389026
9.79767,10.419331
10.427753,10.357775
9.933628,10.15448
10.206674,10.389026
10.192414,10.463132
9.813225,10.389026
10.379709,10.357775
10.305859,10.389026
10.202391,10.419331
10.790908,10.463132
10.010734,10.463132
10.534542,10.308986
10.378179,10.419331
9.99161,10.463132
9.615625,10.389026
9.715928,10.463132
10.349263,10.463132
9.883708,10.389026
10.163596,10.308986
10.953344,10.463132
10.169893,10.463132
9.940691,10.389026
10.1779,10.389026
9.623881,10.308986
9.585216,10.463132
10.268593,10.463132
10.169176,10.389026
10.096762,10.450684
10.128792,10.342999
10.172255,10.325515
10.638016,10.341775
10.33576,10.357775
10.21285,10.373523
9.756056,10.434145
9.925783,10.373523
9.551165,10.434145
10.299009,10.434145
10.365789,10.341775
9.614961,10.106469
10.328894,10.373523
10.065351,10.341775
9.902565,10.434145
10.773956,10.434145
10.008495,10.346505
10.0783,10.422311
10.147663,10.422311
9.864682,10.275085
9.4385395,10.357775
10.437047,10.357775
10.090294,10.357775
10.235062,10.357775
10.168873,10.404293
9.814552,10.275085
10.416346,10.341775
10.236502,10.308986
10.196791,10.373523
9.799099,10.389026
10.033394,10.341775
9.9280815,10.257694
9.09568,10.373523
9.739029,10.221977
10.415232,10.308986
9.833405,10.292179
9.911625,10.257694
10.270775,10.341775
10.29019,10.292179
10.414945,10.292179
10.344389,10.275085
9.239459,10.287287
9.6111965,10.267158
9.611239,10.268166
10.5468445,10.308986
10.379845,10.134639
10.155535,10.292179
8.640617,10.275085
9.851891,10.341775
10.106375,10.341775
9.802677,10.341775
9.879173,10.308986
9.896532,10.292179
10.001453,10.292179
9.522716,10.300618
9.699682,10.292179
9.850297,10.275085
10.365412,10.422311
10.550083,10.450481
9.475225,10.313973
10.528215,10.126671
10.335064,10.043293
10.4868145,10.221977
8.744443,10.308986
9.76366,10.275085
9.680766,10.308986
10.254233,10.308986
9.886534,10.257694
10.370951,10.257694
9.626891,10.275085
9.585879,10.308986
10.463737,10.308986
10.3351345,10.126671
9.819853,10.221977
9.524853,10.2036295
10.251753,10.221977
9.891956,10.106469
10.153875,10.2036295
9.05213,10.308986
9.405561,10.248884
10.362509,10.275085
10.611656,10.257694
9.9780035,10.221977
9.666241,10.221977
9.839785,10.126671
9.812532,10.308986
10.149494,10.126671
9.863178,10.308986
10.503994,10.275085
10.713942,10.275085
10.754435,10.239996
10.587791,10.308986
10.540695,10.257694
9.940797,10.221977
10.194632,9.615872
10.327328,10.221977
10.355033,10.1849375
11.226959,10.308986
10.382875,10.221977
10.138027,10.292179
10.654125,10.126671
9.827569,10.126671
9.976049,10.126671
10.240961,10.308986
10.46693,10.292179
10.474718,10.221977
10.003389,10.221977
9.725908,10.221977
10.265954,10.308986
10.538456,10.221977
10.676323,10.221977
9.4515505,10.021315
9.4371,10.021315
8.672261,10.021315
9.951643,10.126671
10.63591,10.308986
10.181591,10.308986
9.916635,10.221977
10.1890955,10.221977
10.391491,10.308986
9.532057,9.999752
10.385608,10.275085
9.67049,10.126671
10.106461,10.308986
10.126221,10.257694
8.445835,10.308986
10.09886,10.126671
10.641754,10.126671
10.3067465,10.221977
9.893797,10.2036295
10.373226,10.221977
10.237669,10.308986
10.494894,10.308986
10.415532,10.308986
9.937469,10.221977
10.260359,10.275085
9.681656,10.221977
9.731592,10.221977
10.004986,10.126671
9.582565,10.308986
9.678826,10.308986
10.411018,10.165891
10.404321,10.308986
10.561232,10.126671
9.456619,10.221977
9.7416115,10.126671
10.5790825,10.275085
10.040379,10.275085
9.468168,10.308986
8.341906,10.308986
8.445835,10.308986
10.193512,10.126671
10.375956,10.232647
9.561852,10.251959
9.912938,10.239996
10.096572,10.275085
10.12048,10.275085
10.388729,10.292179
10.039093,10.2036295
9.717909,10.2036295
10.391203,10.275085
10.919982,10.268166
10.284355,10.085851
10.414463,10.181157
10.462817,10.181157
10.002752,10.239996
10.720383,10.221977
9.997517,10.239996
10.255781,9.987415
10.018992,10.2036295
9.510996,10.106469
9.978128,10.126671
10.660153,10.126671
9.871972,10.239996
9.754435,10.239996
10.404842,10.239996
10.644999,10.1849375
10.193923,10.126671
9.41827,10.1849375
9.630356,10.126671
10.0664425,10.156229
10.46627,10.2036295
10.3036,10.1849375
10.500117,9.987415
10.090771,10.1849375
11.191778,10.1849375
10.055176,10.085851
10.275909,10.146473
9.946256,10.126671
9.690142,10.2036295
9.727612,10.165891
10.401579,10.165891
9.225998,10.2036295
10.208848,10.1849375
9.895575,10.2036295
9.510115,10.1849375
9.761489,10.221977
9.687437,10.1849375
10.585537,10.2036295
10.025652,10.239996
10.151938,10.165891
10.530547,10.239996
9.871094,10.1849375
9.832724,10.1849375
9.559334,10.175459
9.633308,10.2036295
10.173796,10.434145
10.154068,10.165891
9.815987,10.176601
10.113817,10.10238
10.092215,10.085851
10.158464,10.077441
8.924121,10.182822
9.690415,10.165891
9.895732,10.1849375
9.500303,10.10553
10.246414,10.2036295
10.194136,10.2036295
9.953806,10.2036295
9.709191,10.165891
9.944672,10.165891
9.671942,10.2036295
10.708467,10.165891
10.402795,10.2036295
10.14319,10.126671
8.951487,10.2036295
10.748935,10.106469
10.514524,10.126671
10.615553,10.146473
9.820654,10.165891
9.278151,10.156229
9.597027,10.106469
10.083749,10.165891
9.369925,10.221977
10.459974,10.2036295
10.427717,10.332702
10.295446,10.045031
9.806644,10.193991
8.977352,10.042206
10.951244,10.134639
10.016489,10.174964
10.168928,10.172025
10.168928,10.172025
9.640928,9.98539
10.085235,10.146473
10.124002,10.165891
9.396181,10.142544
9.960259,10.165583
10.530518,10.106469
10.430592,10.165891
10.357095,10.126671
9.728237,10.126671
9.777497,10.019091
10.787648,10.126671
10.304134,10.043293
9.568214,10.146473
10.656742,10.165891
8.96694,10.043293
10.177796,10.085851
9.940392,9.987415
10.308462,10.126671
10.502216,10.106469
9.967798,10.165891
10.184574,10.126671
9.9641695,10.146473
10.119213,10.069044
10.446165,10.126671
10.186946,10.043293
10.67146,10.146473
10.362878,10.165891
10.29048,10.021315
9.319101,10.165891
9.903572,9.987415
9.312443,10.085851
8.222588,10.137888
9.394651,10.153195
10.120928,10.145374
10.770384,10.268166
10.512926,10.134639
10.173265,10.126671
9.229676,10.146473
10.536451,10.064798
10.396835,10.021315
9.740666,10.021315
9.565501,10.064798
9.750024,10.126671
9.978349,10.085851
10.382599,10.021315
10.1798725,10.021315
9.792622,10.308986
10.48997,10.021315
9.960146,10.043293
10.20689,10.064798
10.322986,10.126671
10.215131,9.581973
9.804822,10.126671
10.166708,9.878221
9.89032,10.126671
10.208598,10.021315
10.1814995,9.952325
8.207216,10.126671
10.241982,10.021315
10.017435,9.852247
10.413521,10.126671
12.132214,10.021315
9.388476,10.126671
10.368717,10.221977
9.792276,10.021315
9.649973,10.085851
10.047647,10.085851
10.016854,10.126671
10.153078,10.126671
9.828388,10.021315
10.348075,10.064798
9.550518,10.064798
11.60267,10.106469
9.325249,9.839003
9.376259,9.839003
10.63522,10.126671
10.7997875,9.975855
10.419205,10.126671
9.840038,9.975855
10.770563,10.021315
10.229625,10.021315
9.444936,10.064798
9.879948,10.021315
10.156011,9.975855
10.8139,9.903538
10.336344,10.064798
10.271017,10.021315
10.664621,10.126671
10.37504,10.126671
10.185978,9.975855
9.548461,10.126671
9.683666,10.021315
10.670624,10.221977
9.757227,9.975855
10.046398,10.021315
9.907803,10.126671
10.186374,9.433564
9.597441,10.126671
10.3014345,10.085851
9.036228,10.021315
9.595678,10.021315
10.303346,10.085851
10.30821,9.975855
9.693246,10.106469
9.66452,10.043293
10.193262,9.903538
10.2819805,9.852247
10.203115,10.043293
9.368661,10.126671
10.235445,10.126671
10.373544,10.021315
9.517711,10.059679
9.967333,10.112451
10.32029,10.216874
9.825853,9.392745
10.162598,10.085851
9.368162,10.043293
10.439532,10.043293
9.886016,10.043293
9.873255,10.085851
10.160589,10.043293
9.523736,10.085851
10.180519,10.085851
10.562179,9.952325
10.145521,10.085851
9.977328,9.94035
10.114927,9.94035
9.965546,10.043293
10.0760355,10.021315
9.613005,10.010142
10.288793,9.998843
10.158325,10.043293
10.079049,10.043293
10.263784,10.085851
9.865901,9.998843
9.955496,9.998843
10.814835,9.998843
9.844414,10.043293
10.449216,9.9804945
9.905932,10.085851
10.394854,9.952325
10.022785,10.110542
10.133594,10.085851
9.860109,10.043293
10.056085,10.043293
10.291247,10.064798
10.022145,9.998843
10.305418,10.096213
10.430325,9.952325
10.009156,10.085851
10.031553,10.085851
9.960665,10.043293
10.133133,9.952325
10.438999,10.043293
9.957439,9.998843
10.102665,9.998843
9.764502,10.085851
9.981735,10.085226
9.244772,9.993145
10.298832,10.041727
9.71332,10.041727
9.994655,10.199175
10.333836,10.000115
10.004453,9.928229
9.41733,9.975855
10.551004,9.903538
10.203154,10.043293
9.361827,10.043293
10.016474,9.928229
9.565683,9.998843
10.009026,9.975855
9.521716,9.975855
9.681157,10.021315
10.326543,10.043293
10.115969,10.043293
10.783125,10.043293
10.232506,10.043293
10.03978,10.043293
10.442163,9.928229
10.099076,9.903538
9.858906,9.975855
10.265797,10.043293
10.799562,9.928229
9.931498,9.961803
10.091851,9.998843
9.769798,9.928229
9.786682,9.952325
9.280443,9.94035
9.893064,9.975855
10.354971,9.998843
10.365707,9.9804945
10.657148,10.162808
13.161654,10.105653
10.120059,9.915959
10.062201,9.952325
10.123014,9.903538
9.7241125,9.903538
10.011189,9.903538
9.78228,9.998843
9.507172,9.998843
9.877682,9.952325
9.557703,9.952325
9.884171,9.928229
9.985614,9.952325
9.293718,9.903538
9.502835,9.952325
10.600771,9.878221
10.395996,9.952325
10.457739,9.998843
10.277599,9.975855
9.931083,9.903538
9.205029,9.952325
8.96031,9.928229
10.694439,9.998843
9.57553,9.903538
9.215785,9.998843
9.649416,9.903538
9.759036,9.928229
10.021342,9.89096
10.033176,9.89096
10.157327,10.064798
11.050366,9.928229
9.144148,9.770013
8.277077,9.770013
9.522214,9.988609
9.602829,9.988609
9.6628895,9.998843
10.130893,9.952325
9.2761135,9.952325
10.964586,9.975855
10.5072365,9.998843
9.4200325,9.903538
7.621532,9.82558
10.404831,9.903538
10.376953,9.903538
10.208119,9.998843
9.4373455,9.998843
10.030699,9.952325
9.97864,10.12507
10.140596,10.002473
10.219208,9.9804945
10.220157,9.9804945
10.227087,9.9804945
10.338261,9.9804945
10.077909,9.9804945
10.220157,9.9804945
9.953077,9.9804945
10.394367,9.952325
10.254038,9.851615
9.951948,9.845911
10.231146,9.927838
10.042946,9.903538
10.116545,9.852247
9.509957,9.770013
10.249956,9.852247
10.601633,10.085851
9.867773,9.852247
10.55178,9.878221
10.3458185,9.852247
10.567708,9.903538
9.503111,9.878221
10.161451,9.852247
9.557476,9.865318
9.564199,9.865318
9.564199,9.865318
9.564199,9.865318
9.564199,9.865318
9.3765545,9.878221
10.071119,9.82558
10.351404,9.878221
9.844169,9.852247
7.4396405,9.952325
10.16501,9.878221
9.770784,9.929691
10.955971,9.923339
10.630245,10.085851
10.392618,9.958023
10.508598,9.862718
9.62507,9.879554
10.030472,9.908376
9.997176,9.801344
9.733988,9.903538
9.196436,9.852247
9.754475,9.903538
10.006805,9.852247
9.966612,9.903538
9.799933,9.903538
10.016841,9.903538
10.071056,9.903538
10.44964,9.7981825
10.082987,9.903538
9.357386,9.903538
8.614059,9.903538
10.234738,9.903538
9.36273,9.903538
10.168842,9.903538
9.786795,9.852247
9.822994,9.852247
10.267714,9.903538
10.647661,9.852247
10.429672,9.928229
10.232477,9.82558
9.275755,9.852247
9.476693,9.878221
9.794684,9.852247
10.414824,9.82558
9.222429,9.770013
9.580645,9.770013
9.6786785,9.680407
9.93155,9.770013
10.2533455,9.82558
9.442218,9.82558
10.297745,9.711176
10.112463,9.852247
10.262678,9.770013
10.653025,9.852247
10.620006,9.852247
10.144278,9.878221
9.486667,9.903538
9.664835,9.903538
10.051306,9.903538
9.672415,9.852247
9.693438,9.903538
10.281063,9.82558
10.147275,9.903538
9.844053,9.903538
9.940634,9.852247
10.212715,9.852247
10.110769,9.852247
10.231049,9.770013
10.224907,9.82558
10.427941,9.852247
9.817159,9.903538
9.252827,9.7981825
10.5938015,9.852247
9.678799,9.903538
10.041893,9.903037
9.926355,9.903538
8.936277,9.901034
10.132229,9.8705
10.131976,9.778661
9.299816,9.852247
9.354557,9.856396
9.460242,9.852247
10.022343,9.878221
10.157963,9.878221
9.83165,9.852247
10.036179,9.7981825
10.409249,9.852247
10.775665,9.878221
9.921409,9.770013
10.744036,9.7981825
9.669798,9.852247
10.610591,9.8119755
8.944172,9.852247
10.128996,9.770013
9.962357,9.852247
9.49553,9.770013
10.370203,9.865318
9.937746,9.82558
9.826492,9.819127
9.272076,9.727168
10.35697,9.805544
10.004113,9.82179
9.310428,9.7981825
10.269871,9.711176
10.283405,9.741028
9.911681,9.185125
9.56023,9.741028
10.085111,9.809232
9.605451,9.7981825
9.440506,9.711176
9.833315,9.7981825
9.780778,9.878221
10.122531,9.755626
10.35955,9.7981825
9.76882,9.7981825
10.393185,9.770013
9.723296,9.7981825
9.7966175,9.546884
9.47517,9.546884
9.693868,9.615872
10.048962,9.711176
10.047253,9.711176
10.470566,9.546884
10.787678,9.741028
9.4189005,9.741028
9.537521,9.741028
10.435969,9.82558
10.583313,9.741028
9.407835,9.711176
9.998879,9.7981825
10.586613,9.770013
9.855896,9.82558
10.309626,9.741028
10.20949,9.741028
9.981606,9.755626
9.932998,9.755626
9.943864,9.7981825
10.559956,10.146473
9.746054,9.64866
10.258055,9.741028
9.787395,9.770013
9.598315,9.7981825
9.846606,9.73181
9.9551525,9.787066
9.81353,9.811427
10.048555,9.433564
9.6876745,9.615872
10.297041,9.711176
11.093491,9.726213
9.603889,9.741028
9.712658,9.64866
10.38377,9.711176
9.549526,9.784197
10.193397,9.770013
9.392088,9.741028
9.9487505,9.680407
9.868982,9.711176
10.004375,9.581973
10.457658,9.711176
10.292564,9.755626
9.95358,9.711176
10.09509,9.64866
10.07774,9.711176
10.022144,9.711176
10.009739,9.6959095
10.490454,9.770013
10.1951475,9.741028
9.756689,9.711176
9.142283,9.8119755
10.335043,9.755626
9.581647,9.733707
10.393953,9.862718
10.204627,9.700208
10.125208,9.958023
9.939755,9.720586
10.35466,9.842516
10.603565,9.680407
9.562013,9.6959095
10.319501,9.680407
10.129501,9.680407
9.85708,9.903538
9.713697,9.711176
10.498266,9.680407
9.715382,9.711176
9.560703,9.680407
9.897369,9.64866
9.84087,9.615872
10.273674,9.680407
9.613519,9.680407
10.517452,9.680407
10.407692,9.711176
10.139595,9.711176
9.937256,9.575053
10.499775,9.680407
9.82041,9.64866
9.419491,9.692828
10.547401,9.741028
10.049053,9.680407
10.038553,9.615872
10.550334,9.680407
10.573909,9.628853
9.732695,9.7976265
10.002672,10.221977
9.543271,9.638676
10.369652,9.757363
10.491185,9.757363
10.207041,9.639587
10.429054,9.757363
10.12101,9.757363
9.857795,9.623377
10.143915,9.599202
9.649835,9.573316
9.855841,9.528867
10.443993,9.878221
10.099443,9.564583
10.147779,9.615872
10.525006,9.433564
9.285912,9.564583
9.793384,9.528867
9.820131,9.528867
10.240981,9.581973
9.990388,9.539716
9.235781,9.615872
10.451527,9.596418
9.107776,9.580869
9.671857,9.700208
10.289435,9.670357
10.479813,9.700208
9.853018,9.472781
9.191902,9.472781
10.067852,9.694616
9.614911,9.678405
9.901934,9.510519
10.01165,9.581973
10.134003,9.546884
8.623422,9.546884
9.862657,9.65323
9.661769,9.654449
9.866137,9.652009
10.62044,9.575053
10.253187,9.639587
10.10087,9.639587
10.188539,9.639587
10.422239,9.639587
9.893625,9.501591
10.074446,9.571714
10.029098,9.620661
10.330847,9.522301
10.566927,9.510519
10.459501,9.472781
10.42453,9.472781
10.007578,9.601369
9.835099,9.588297
9.730995,9.588297
9.099688,9.512443
9.990726,9.575053
10.080126,9.575053
10.136167,9.541154
10.141021,9.575053
10.025902,9.441531
10.158583,9.392745
10.7030115,9.392745
9.885288,9.392745
9.924434,9.614271
9.598409,9.506065
10.294123,9.506065
9.237087,9.506065
9.237087,9.506065
9.237087,9.506065
9.237087,9.506065
10.365597,9.506065
9.237087,9.506065
9.237087,9.506065
9.933763,9.425775
10.256082,9.431963
10.257832,9.383033
9.322096,9.383033
10.70402,10.962666
10.000061,8.853808
10.023998,8.794976
10.245972,9.575053
9.711129,9.488048
10.386072,8.699681
10.100239,8.7194805
9.940371,9.616672
9.830235,8.679482
9.50038,9.7981825
10.791922,9.615872
9.607731,8.7194805
9.587698,8.7194805
10.556587,10.223866
9.664982,9.552226
9.478859,9.915959
9.908712,11.231901
9.686007,9.979939
10.083572,9.9804945
9.875729,10.280999
9.693053,10.280999
9.64707,10.309819
9.708771,9.9804945
9.491997,9.9804945
10.234252,10.240924
10.091988,10.158169
10.476488,9.488048
9.621185,10.181157
9.921497,10.181157
10.357519,8.77663
10.081852,9.966509
10.102657,10.085851
10.057365,10.268166
10.412461,10.134639
10.359271,10.134639
10.142838,10.238709
10.32465,10.269206
10.324345,10.157975
10.206171,11.000248
10.472622,10.491302
10.667577,10.778977
10.08761,10.778977
10.011873,10.695598
9.595634,10.59666
10.4757805,10.71444
10.725159,10.819798
9.785387,11.248973
10.621599,10.532123
10.463839,10.628158
9.35791,10.673619
9.960581,10.837245
10.147867,10.758775
9.436718,10.393325
9.967767,10.234265
10.42338,10.504547
9.967767,10.234265
9.940837,10.234265
10.099609,10.555839
10.136656,10.778977
10.276619,10.778977
9.582695,8.7194805
9.765551,8.7194805
9.967563,8.679482
10.744318,10.851296
10.621599,10.463132
9.319608,11.289794
10.246702,10.819798
10.186932,11.002116
10.686892,11.041337
10.105978,10.404293
10.420053,10.8685875
11.016811,10.959558
9.791136,11.082158
10.95098,10.491302
10.561947,11.002116
10.645479,10.8685875
10.638938,10.8685875
10.425037,10.768506
11.568351,11.294782
10.956988,11.407576
9.863685,10.532123
10.346258,11.082158
10.3335085,10.275085
10.687692,10.59666
10.540659,10.959558
10.721923,11.320565
10.062814,10.165891
10.899935,10.819798
10.72825,10.448744
9.849256,10.463132
9.981386,10.532123
9.049447,9.784197
9.612869,9.998843
10.677074,10.434145
10.342967,10.308986
10.722309,11.184435
10.158131,10.448744
10.259871,9.9804945
10.567626,10.308986
9.576372,10.819798
9.804247,10.257694
9.9281845,10.341775
13.780724,10.356186
9.831745,10.768506
10.150101,10.819798
10.226743,10.71444
10.066418,10.1849375
10.159098,10.994084
10.593605,11.041337
10.038216,10.757924
10.3549795,10.239996
10.176043,10.829748
10.325923,10.448744
10.150694,10.165891
10.430109,10.532123
10.095982,10.532123
10.3973675,11.338584
10.313412,9.546884
9.952114,10.463132
10.134082,10.341775
10.467122,11.350418
10.232705,10.308986
10.669615,10.71444
10.507597,10.657283
9.819735,10.275085
11.239641,11.320565
10.345967,9.7981825
10.154795,10.239996
10.066417,10.532123
11.231966,11.079077
10.9371805,10.389026
10.554468,10.72549
9.49924,10.463132
10.427518,10.59666
10.803619,10.257694
10.373944,10.2036295
11.035335,10.021315
11.328828,11.379406
10.794796,10.126671
11.162552,10.959558
10.287338,9.975855
10.171296,10.657283
9.879913,9.952325
10.147478,10.357775
10.847227,11.366755
10.500235,10.181157
10.527018,10.1849375
10.036448,10.144117
10.106706,11.184435
10.440594,10.021315
10.203236,10.855937
11.524921,10.045031
9.423052,10.657283
10.477403,11.041337
10.095873,9.711176
10.7948265,10.950824
9.97834,10.59666
9.384972,10.045031
9.666658,10.927394
9.97003,10.332702
10.292859,10.532123
10.26401,10.021315
11.058098,11.414221
10.856691,9.575053
10.926049,9.852247
10.114315,10.221977
10.556062,10.275085
9.749796,10.959558
10.226253,10.736419
10.867457,11.141876
10.300657,10.819798
10.175539,10.657283
10.745344,11.373675
10.800728,11.279744
10.651939,11.115443
10.371097,10.717103
10.802546,11.233225
10.565092,10.422311
10.458742,10.518701
10.059759,10.389026
10.275741,11.082158
10.007393,10.532123
10.760205,10.373523
10.551352,10.657283
10.161877,9.878221
10.617824,11.119898
10.120339,10.59666
10.152994,10.389026
10.15044,10.71444
10.561687,10.002473
10.388922,10.59666
9.655453,10.045031
10.612932,11.184435
9.721595,10.477316
9.869099,11.008164
8.956827,10.959558
10.3089075,9.998843
10.329702,10.532123
9.832949,10.768506
10.449467,10.673619
11.382963,10.915107
10.425745,10.221977
10.617281,10.2036295
9.6544895,10.71444
10.409451,10.580531
9.611703,11.071642
10.577196,10.532123
10.619749,11.097425
10.147757,9.729194
10.719892,11.338584
10.074247,10.59666
9.466103,10.257694
10.813709,10.657283
10.70254,10.58661
10.681349,10.768506
10.454287,10.389026
10.666891,11.289794
10.555788,10.064798
9.62192,10.78934
9.944954,9.7981825
10.805317,10.657283
10.31967,10.389026
10.510263,10.915107
9.990748,10.126671
10.396104,10.8685875
10.996273,11.082158
9.862158,10.657283
10.654935,10.532123
9.907538,10.308986
9.959612,10.59666
10.195157,10.959558
10.099595,10.915107
10.856602,11.002116
10.229202,9.952325
10.209702,9.575053
10.443283,10.239996
10.13996,10.363472
10.253294,9.9804945
10.045162,10.434145
10.335402,11.097425
10.48093,10.043293
9.710785,10.555839
10.130789,10.341775
10.023556,10.388842
9.233131,10.633472
9.957248,10.021315
10.5522785,10.126671
9.933012,10.915107
10.920671,10.8685875
10.521549,10.59666
9.6994505,10.2036295
10.567484,10.657283
9.655453,9.958023
10.126731,10.2036295
10.504194,9.757363
10.093773,10.463132
9.613405,10.1849375
10.446418,9.711176
10.184195,10.308986
10.342926,11.042938
10.210231,10.59666
10.362428,10.422311
10.249031,11.289794
10.265587,11.191356
10.937891,10.915107
10.189697,10.064798
10.13396,10.819798
10.51418,10.959558
10.067481,11.264477
9.952786,10.59666
10.038093,10.308986
10.6497965,10.915107
10.534277,10.8685875
10.358095,10.419331
10.217066,11.041337
10.321677,10.915107
10.178367,10.819798
9.718079,10.021315
10.483845,10.71444
10.363283,10.71444
10.234634,10.532123
10.498727,10.463132
10.545879,10.915107
10.578238,10.463132
10.5486765,10.1849375
10.274908,10.71444
10.249844,10.341775
10.866408,10.532123
10.160902,10.673619
10.463269,11.025832
10.918728,10.8685875
10.615152,11.472114
10.71806,10.71444
10.371464,10.463132
10.1116905,9.757363
10.2958145,10.530521
10.451839,10.530521
10.584238,10.389026
10.578763,10.404293
10.217066,10.021315
10.477463,10.849357
9.941509,10.106469
10.131793,9.811427
10.101477,10.977824
10.756533,10.308986
10.396009,10.768506
10.301077,10.915107
10.3180065,11.512936
10.540314,11.407576
10.327995,11.407576
10.63345,11.082158
10.081701,11.407576
9.985149,11.156265
9.748925,11.225257
9.800468,11.021919
10.339397,11.156265
10.38674,11.184435
10.037491,11.082158
9.431405,11.082158
10.447731,11.042938
10.848292,10.959558
10.501711,10.8685875
10.025156,10.959558
10.119303,10.915107
10.666827,10.8685875
9.851094,10.915107
10.066032,10.819798
10.297071,10.967939
10.516737,10.768506
10.298069,10.434145
10.242841,10.434145
10.648448,10.819798
10.830096,10.819798
10.115,10.71444
10.543648,10.657283
10.735279,10.778977
10.159338,10.558439
9.255059,10.71444
10.998209,10.71444
10.086427,10.657283
9.457691,10.804238
10.801191,10.456539
10.905688,10.463132
10.305818,10.59666
10.514753,10.532123
9.885172,10.463132
9.708854,10.532123
9.798884,10.221977
10.406874,10.463132
9.769777,10.463132
9.442442,10.257694
10.353947,10.1849375
10.244941,10.221977
9.393987,10.389026
10.273268,10.389026
8.522318,10.325351
10.0511465,10.389026
10.370889,10.308986
9.991562,10.308986
10.983573,10.275085
9.841416,10.341775
9.504018,10.275085
10.74453,10.275085
10.120073,10.221977
9.353476,10.221977
10.416211,10.221977
10.58855,10.239996
9.861616,10.221977
10.428431,10.2036295
9.931822,10.043293
10.74125,10.126671
9.586252,10.165891
9.953545,10.165891
9.2993355,9.903538
10.220133,9.903538
10.088607,10.021315
9.761042,10.085851
9.6374035,9.952325
9.804228,10.045031
9.257122,9.928229
9.889887,9.928229
9.404036,9.975855
9.209612,9.928229
10.085964,9.998843
10.325819,9.952325
9.431129,9.952325
9.358982,9.729194
8.912302,9.8119755
10.538198,9.903538
10.51223,10.1849375
10.086498,9.903538
10.020693,9.852247
9.536956,9.8119755
10.208754,9.741028
10.568169,9.82558
10.208893,9.7981825
10.077736,9.711176
10.337545,9.741028
9.795176,9.761405
9.796644,9.755626
10.143256,9.64866
9.462826,9.711176
10.1202755,9.581973
8.702353,9.546884
9.785931,9.472781
10.013344,9.392745
10.444365,10.167427
10.157735,10.167427
10.073984,9.392745
10.226765,8.699681
10.006269,9.639587
9.624108,9.862718
9.983071,9.506065
10.078102,9.639587
9.982118,9.862718
9.871423,9.757363
11.035873,9.862718
10.234293,9.431963
9.851273,9.392745
10.291359,10.555839
9.609635,9.639587
10.55113,9.351927
10.457223,9.862718
10.027689,9.757363
11.083611,9.862718
10.48797,9.700208
9.730518,9.862718
9.7179365,9.862718
9.90336,9.639587
10.895092,9.862718
9.624832,9.862718
9.921725,9.639587
9.523191,9.862718
10.130608,9.169622
10.062767,9.169622
9.87294,10.422311
10.318035,9.862718
10.239729,8.812992
9.291934,9.729194
9.809972,9.700208
7.320023,9.862718
10.182699,9.862718
9.623956,9.431963
10.376401,9.862718
10.045269,9.639587
10.035294,9.218408
10.183744,9.639587
10.560762,9.862718
10.153336,9.506065
9.514129,9.862718
10.068798,9.639587
9.745152,9.862718
9.587563,9.506065
10.073198,9.757363
10.223015,9.639587
9.822958,9.639587
9.634208,9.392745
9.804955,9.729194
10.068541,9.862718
10.3074875,9.729194
9.682,9.392745
10.221533,9.862718
10.666054,9.9804945
9.6847725,9.729194
10.086376,9.169622
9.974571,9.264923
9.783643,9.639587
10.261932,8.946505
10.083059,9.351927
10.124132,9.757363
9.569489,10.2036295
10.408712,11.461642
10.470665,11.225257
9.828698,11.289794
10.599188,11.320565
10.211027,11.338584
10.684744,11.191356
10.493206,11.248973
10.159273,10.959558
10.340345,10.993749
10.393899,11.115443
10.509239,10.910551
10.368195,10.8685875
9.9034,10.915107
9.816944,10.8685875
10.38579,10.915107
10.534636,10.907807
10.622978,10.851296
10.540354,10.8685875
10.425305,10.915107
10.266876,10.915107
10.509838,10.819798
9.955185,10.915107
10.449818,10.819798
10.281345,10.819798
10.540857,10.819798
8.867009,10.819798
10.291025,10.819798
10.429673,10.899089
9.989109,10.736419
10.095072,10.691968
10.010782,10.757924
10.0760765,10.126671
10.423965,10.768506
10.376579,10.657283
10.917576,10.59666
10.343346,10.71444
10.708271,10.71444
10.199537,10.558439
9.914331,10.668979
9.757446,10.778977
10.024982,10.571342
10.180833,10.72549
10.8315525,10.680539
10.454924,10.72549
10.656058,10.633472
10.131319,10.633472
10.128293,10.59666
10.55843,10.59666
10.719028,10.657283
9.918264,10.558439
10.149281,10.532123
10.156849,10.021315
10.603653,10.021315
10.117559,10.59666
9.95825,10.59666
10.362595,10.59666
10.111063,10.657283
10.291849,10.633472
10.24235,10.657283
10.239268,10.59666
9.958876,10.609082
10.379677,10.540196
10.463523,10.59666
10.691565,10.463132
10.547303,10.532123
10.529066,10.532123
10.707287,10.532123
10.441029,10.532123
9.606964,10.532123
9.943478,10.532123
10.54643,10.518701
10.380547,10.532123
10.1271925,10.463132
10.352835,10.448744
10.505054,10.463132
9.707932,10.436202
10.092791,10.491302
10.337182,10.463132
9.9832535,10.357775
9.729829,10.389026
9.673161,10.308986
9.953478,10.357775
9.762879,10.463132
10.092274,10.289973
10.2458105,10.434145
10.088459,10.463132
10.801809,10.308986
9.842573,10.389026
10.161091,10.389026
9.787216,10.308986
9.187938,10.308986
10.614422,10.330225
10.498484,10.308986
10.208799,10.325515
10.783093,10.373523
10.213597,10.308986
10.688815,10.389026
10.134277,10.47788
10.328667,10.126671
10.345433,10.308986
10.504517,10.126671
10.380669,10.275085
9.95763,10.221977
10.508665,10.221977
9.895332,10.221977
10.337987,10.308986
10.340069,10.308986
10.564086,10.221977
10.06218,10.239996
10.087158,10.221977
9.956648,10.1849375
9.722307,10.106469
10.463198,10.126671
10.383265,10.126671
10.410757,10.146473
10.397982,10.221977
10.540409,10.2036295
10.141197,10.153506
10.461781,10.085851
10.621204,10.126671
10.708471,10.126671
9.880724,10.126671
8.121942,9.952325
10.348516,10.021315
10.274885,10.099629
10.197926,10.099629
10.356197,10.064798
10.29741,10.065649
10.416275,10.12507
9.978026,10.064798
10.63826,10.043293
10.420107,9.841665
10.419331,9.685393
10.441439,9.64866
10.191932,9.350189
10.087309,10.085851
10.268842,10.463132
10.420775,10.680539
10.860895,10.915107
10.64377,11.115443
10.926797,10.874286
10.82608,11.338584
10.55492,10.758775
10.568627,10.961295
10.710186,10.961295
10.490931,11.264477
10.721657,11.233225
10.719865,11.279744
10.291662,10.819798
10.519983,11.264477
10.281423,10.221977
10.429951,10.59666
10.219951,10.389026
10.586071,9.741028
10.5407505,10.363472
10.194914,10.275085
10.725943,10.393325
10.206717,11.350418
10.739,11.496806
10.542517,11.496806
10.745964,10.165891
10.184292,10.126671
10.332876,10.71444
10.06948,10.463132
10.202797,9.770013
10.249541,10.463132
10.005522,10.221977
10.212946,10.021315
10.520897,10.71444
9.866436,10.021315
10.192426,9.770013
9.981918,10.021315
10.211917,10.221977
9.78539,10.463132
9.892958,10.221977
9.887069,9.770013
9.7165365,9.770013
9.536591,10.221977
9.396491,10.021315
9.462085,10.221977
9.505264,10.021315
9.804808,9.770013
10.377534,10.221977
10.056784,10.221977
9.750686,10.021315
10.034093,9.770013
9.649937,9.770013
9.840231,10.221977
9.728191,9.770013
9.716869,9.770013
10.064625,9.770013
10.019611,10.021315
9.5397415,10.021315
9.883343,10.021315
10.832958,10.819798
9.809236,9.741028
10.560882,11.350418
9.811621,11.350418
11.01556,10.357775
10.310169,11.472114
10.659636,11.082158
10.251045,10.532123
10.516847,10.71444
10.478607,10.819798
10.581373,11.002116
10.693113,11.225257
10.475396,11.184435
10.226673,9.564583
9.756842,9.770013
10.125067,10.738156
10.5081,10.308986
10.420047,9.998843
9.703926,9.4844055
9.923724,9.506065
10.316769,10.758775
10.306228,10.651147
9.7782,9.636457
10.2270565,10.71444
9.959279,10.199175
10.1210575,10.373523
10.120595,10.914888
9.959279,10.199175
9.391127,10.837245
10.522892,10.818197
9.950322,10.27846
9.309545,10.393325
9.80731,10.199175
10.582066,10.994084
10.877041,10.434145
10.071037,11.248973
10.079512,11.248973
10.140418,11.512936
9.913101,10.819798
9.904584,10.043293
10.122622,9.7981825
10.437534,10.915107
10.121874,10.915107
10.088637,10.915107
10.45755,10.915107
9.730909,10.915107
10.897007,11.002116
9.856588,10.819798
11.09295,10.71444
10.08087,10.71444
10.0628,10.71444
10.0376,10.59666
9.699446,10.71444
9.361372,10.657283
10.664125,10.72549
9.701899,10.633472
9.605357,10.633472
10.526501,10.532123
9.294643,10.518701
9.816798,10.434145
10.013075,10.59666
10.336882,10.532123
10.337515,10.491302
9.84915,10.518701
10.036848,10.434145
9.943972,10.308986
9.399076,10.325515
9.657039,10.257694
9.73613,10.341775
10.023289,10.221977
9.749887,10.308986
10.309693,10.2036295
10.682555,10.193728
9.571771,10.043293
9.878639,10.021315
9.622917,10.021315
10.001416,10.021315
9.832996,9.998843
9.789837,9.998843
10.564709,9.407797
9.865376,10.584082
10.301571,10.308986
10.549194,10.341775
10.518625,9.928229
10.135372,10.71444
9.827604,10.126671
9.872007,10.389026
10.297579,9.903538
9.789179,9.928229
10.175878,10.896758
10.4112015,10.993749
10.792526,10.915107
10.148394,11.608245
10.530515,11.407576
10.254423,11.512936
10.373089,11.512936
10.1003,10.043293
10.01144,10.509169
10.7643385,10.363472
9.978048,9.64866
10.345707,10.064798
9.645626,10.579768
10.248987,10.308986
10.201701,10.673619
10.6494055,10.239996
10.149612,10.933125
10.495312,11.156265
9.869486,10.558439
10.580608,10.504547
9.505125,9.852247
9.731682,9.792612
10.221388,11.512936
9.792786,11.302217
9.805492,9.615872
9.515192,9.615872
8.888601,9.903538
9.661964,9.852247
10.298643,10.59666
9.523083,8.518592
9.839604,10.034559
9.8828125,10.308986
9.9019785,10.034559
9.778687,9.65509
9.527715,10.034559
10.095448,10.034559
9.61702,10.034559
9.897485,10.034559
10.137905,10.034559
9.977058,10.034559
9.739628,10.034559
9.633205,10.034559
9.864759,10.034559
10.102808,10.034559
10.458796,10.657283
